card_id,status
CcS-4857,active
CcS-4858,active
CcS-4859,active
CcS-4860,active
CcS-4861,active
CcS-4862,active
CcS-4863,active
CcS-4864,active
CcS-4865,active
CcS-4866,active
CcS-4867,active
CcS-4868,active
CcS-4869,active
CcS-4870,inactive
CcS-4871,active
CcS-4872,active
CcS-4873,active
CcS-4874,active
CcS-4875,active
CcS-4876,active
CcS-4877,active
CcS-4878,active
CcS-4879,active
CcS-4880,active
CcS-4881,active
CcS-4882,active
CcS-4883,active
CcS-4884,active
CcS-4885,active
CcS-4886,active
CcS-4887,active
CcS-4888,active
CcS-4889,active
CcS-4890,active
CcS-4891,active
CcS-4892,active
CcS-4893,active
CcS-4894,active
CcS-4895,active
CcS-4896,active
CcS-4897,active
CcS-4898,active
CcS-4899,inactive
CcS-4900,active
CcS-4901,active
CcS-4902,active
CcS-4903,active
CcS-4904,active
CcS-4905,active
CcS-4906,active
CcS-4907,active
CcS-4908,active
CcS-4909,active
CcS-4910,active
CcS-4911,active
CcS-4912,active
CcS-4913,active
CcS-4914,active
CcS-4915,active
CcS-4916,active
CcS-4917,active
CcS-4918,active
CcS-4919,active
CcS-4920,active
CcS-4921,active
CcS-4922,active
CcS-4923,active
CcS-4924,active
CcS-4925,active
CcS-4926,active
CcS-4927,active
CcS-4928,active
CcS-4929,active
CcS-4930,active
CcS-4931,active
CcS-4932,active
CcS-4933,active
CcS-4934,active
CcS-4935,active
CcS-4936,active
CcS-4937,active
CcS-4938,active
CcS-4939,active
CcS-4940,active
CcS-4941,active
CcS-4942,active
CcS-4943,active
CcS-4944,active
CcS-4945,active
CcS-4946,active
CcS-4947,active
CcS-4948,active
CcS-4949,active
CcS-4950,active
CcS-4951,active
CcS-4952,active
CcS-4953,active
CcS-4954,active
CcS-4955,active
CcS-4956,active
CcS-4957,active
CcS-4958,active
CcS-4959,active
CcS-4960,active
CcS-4961,active
CcS-4962,active
CcS-4963,active
CcS-4964,active
CcS-4965,active
CcS-4966,active
CcS-4967,active
CcS-4968,active
CcS-4969,active
CcS-4970,active
CcS-4971,active
CcS-4972,active
CcS-4973,active
CcS-4974,active
CcS-4975,active
CcS-4976,active
CcS-4977,active
CcS-4978,active
CcS-4979,active
CcS-4980,active
CcS-4981,active
CcS-4982,active
CcS-4983,active
CcS-4984,active
CcS-4985,active
CcS-4986,active
CcS-4987,active
CcS-4988,active
CcS-4989,active
CcS-4990,active
CcS-4991,active
CcS-4992,active
CcS-4993,active
CcS-4994,active
CcS-4995,active
CcS-4996,active
CcS-4997,active
CcS-4998,inactive
CcS-4999,active
CcS-5000,active
CcS-5001,active
CcS-5002,active
CcS-5003,active
CcS-5004,active
CcS-5005,active
CcS-5006,active
CcS-5007,active
CcS-5008,active
CcS-5009,active
CcS-5010,active
CcS-5011,active
CcS-5012,active
CcS-5013,active
CcS-5014,active
CcS-5015,active
CcS-5016,active
CcS-5017,active
CcS-5018,active
CcS-5019,active
CcS-5020,active
CcS-5021,active
CcS-5022,active
CcS-5023,active
CcS-5024,active
CcS-5025,active
CcS-5026,active
CcS-5027,active
CcS-5028,active
CcS-5029,active
CcS-5030,active
CcS-5031,active
CcS-5032,active
CcS-5033,active
CcS-5034,active
CcS-5035,inactive
CcS-5036,active
CcS-5037,active
CcS-5038,active
CcS-5039,active
CcS-5040,active
CcS-5041,active
CcS-5042,active
CcS-5043,active
CcS-5044,active
CcS-5045,active
CcS-5046,active
CcS-5047,active
CcS-5048,active
CcS-5049,active
CcS-5050,active
CcS-5051,active
CcS-5052,active
CcS-5053,active
CcS-5054,active
CcS-5055,active
CcS-5056,active
CcS-5057,active
CcS-5058,active
CcS-5059,active
CcS-5060,active
CcS-5061,active
CcS-5062,active
CcS-5063,active
CcS-5064,active
CcS-5065,active
CcS-5066,active
CcS-5067,active
CcS-5068,active
CcS-5069,active
CcS-5070,active
CcS-5071,active
CcS-5072,active
CcS-5073,active
CcS-5074,active
CcS-5075,active
CcS-5076,active
CcS-5077,active
CcS-5078,active
CcS-5079,active
CcS-5080,active
CcS-5081,active
CcS-5082,active
CcS-5083,active
CcS-5084,active
CcS-5085,active
CcS-5086,active
CcS-5087,active
CcS-5088,active
CcS-5089,active
CcS-5090,active
CcS-5091,active
CcS-5092,active
CcS-5093,active
CcS-5094,active
CcS-5095,active
CcS-5096,active
CcS-5097,active
CcS-5098,active
CcS-5099,active
CcS-5100,active
CcS-5101,active
CcS-5102,active
CcS-5103,active
CcS-5104,active
CcS-5105,active
CcS-5106,active
CcS-5107,active
CcS-5108,active
CcS-5109,active
CcS-5110,active
CcS-5111,active
CcS-5112,active
CcS-5113,active
CcS-5114,active
CcS-5115,active
CcS-5116,active
CcS-5117,active
CcS-5118,active
CcS-5119,active
CcS-5120,active
CcS-5121,active
CcS-5122,active
CcS-5123,active
CcS-5124,active
CcS-5125,active
CcS-5126,active
CcS-5127,active
CcS-5128,active
CcS-5129,active
CcS-5130,active
CcS-5131,active
CcS-5132,active
CcS-5133,active
CcS-5134,active
CcS-5135,active
CcS-5136,active
CcS-5137,active
CcS-5138,active
CcS-5139,active
CcS-5140,active
CcS-5141,active
CcS-5142,active
CcS-5143,active
CcS-5144,active
CcS-5145,active
CcS-5146,active
CcS-5147,active
CcS-5148,active
CcS-5149,active
CcS-5150,active
CcS-5151,active
CcS-5152,active
CcS-5153,active
CcS-5154,active
CcS-5155,active
CcS-5156,active
CcS-5157,active
CcS-5158,active
CcS-5159,active
CcS-5160,active
CcS-5161,active
CcS-5162,active
CcS-5163,active
CcS-5164,active
CcS-5165,active
CcS-5166,active
CcS-5167,active
CcS-5168,active
CcS-5169,active
CcS-5170,active
CcS-5171,active
CcS-5172,active
CcS-5173,active
CcS-5174,active
CcS-5175,active
CcS-5176,active
CcS-5177,active
CcS-5178,active
CcS-5179,active
CcS-5180,active
CcS-5181,active
CcS-5182,active
CcS-5183,active
CcS-5184,active
CcS-5185,active
CcS-5186,active
CcS-5187,active
CcS-5188,active
CcS-5189,active
CcS-5190,active
CcS-5191,active
CcS-5192,active
CcS-5193,active
CcS-5194,active
CcS-5195,active
CcS-5196,active
CcS-5197,active
CcS-5198,active
CcS-5199,active
CcS-5200,active
CcS-5201,active
CcS-5202,active
CcS-5203,active
CcS-5204,active
CcS-5205,active
CcS-5206,active
CcS-5207,active
CcS-5208,active
CcS-5209,active
CcS-5210,active
CcS-5211,active
CcS-5212,active
CcS-5213,active
CcS-5214,active
CcS-5215,active
CcS-5216,active
CcS-5217,active
CcS-5218,active
CcS-5219,active
CcS-5220,active
CcS-5221,active
CcS-5222,active
CcS-5223,active
CcS-5224,active
CcS-5225,active
CcS-5226,active
CcS-5227,active
CcS-5228,active
CcS-5229,active
CcS-5230,active
CcS-5231,active
CcS-5232,active
CcS-5233,active
CcS-5234,active
CcS-5235,active
CcS-5236,active
CcS-5237,active
CcS-5238,active
CcS-5239,active
CcS-5240,active
CcS-5241,active
CcS-5242,active
CcS-5243,active
CcS-5244,active
CcS-5245,active
CcS-5246,active
CcS-5247,active
CcS-5248,active
CcS-5249,active
CcS-5250,active
CcS-5251,active
CcS-5252,active
CcS-5253,active
CcS-5254,active
CcS-5255,active
CcS-5256,active
CcS-5257,active
CcS-5258,active
CcS-5259,active
CcS-5260,active
CcS-5261,active
CcS-5262,active
CcS-5263,active
CcS-5264,active
CcS-5265,active
CcS-5266,active
CcS-5267,active
CcS-5268,active
CcS-5269,active
CcS-5270,active
CcS-5271,active
CcS-5272,active
CcS-5273,active
CcS-5274,active
CcS-5275,active
CcS-5276,active
CcS-5277,active
CcS-5278,active
CcS-5279,active
CcS-5280,active
CcS-5281,active
CcS-5282,active
CcS-5283,active
CcS-5284,active
CcS-5285,active
CcS-5286,active
CcS-5287,active
CcS-5288,active
CcS-5289,active
CcS-5290,active
CcS-5291,active
CcS-5292,active
CcS-5293,active
CcS-5294,active
CcS-5295,active
CcS-5296,active
CcS-5297,active
CcS-5298,active
CcS-5299,active
CcS-5300,active
CcS-5301,active
CcS-5302,active
CcS-5303,active
CcS-5304,active
CcS-5305,active
CcS-5306,active
CcS-5307,active
CcS-5308,active
CcS-5309,active
CcS-5310,active
CcS-5311,active
CcS-5312,active
CcS-5313,active
CcS-5314,active
CcS-5315,active
CcS-5316,active
CcS-5317,active
CcS-5318,active
CcS-5319,active
CcS-5320,active
CcS-5321,active
CcS-5322,active
CcS-5323,active
CcS-5324,active
CcS-5325,active
CcS-5326,active
CcS-5327,active
CcS-5328,active
CcS-5329,active
CcS-5330,active
CcS-5331,active
CcS-5332,active
CcS-5333,active
CcS-5334,active
CcS-5335,active
CcS-5336,active
CcS-5337,active
CcS-5338,active
CcS-5339,active
CcS-5340,active
CcS-5341,active
CcS-5342,active
CcS-5343,active
CcS-5344,active
CcS-5345,active
CcS-5346,active
CcS-5347,active
CcS-5348,active
CcS-5349,active
CcS-5350,active
CcS-5351,active
CcS-5352,active
CcS-5353,active
CcS-5354,active
CcS-5355,active
CcS-5356,active
CcS-5357,active
CcS-5358,active
CcS-5359,active
CcS-5360,active
CcS-5361,active
CcS-5362,active
CcS-5363,active
CcS-5364,active
CcS-5365,active
CcS-5366,active
CcS-5367,active
CcS-5368,active
CcS-5369,active
CcS-5370,active
CcS-5371,active
CcS-5372,active
CcS-5373,active
CcS-5374,active
CcS-5375,active
CcS-5376,active
CcS-5377,active
CcS-5378,active
CcS-5379,active
CcS-5380,active
CcS-5381,active
CcS-5382,active
CcS-5383,active
CcS-5384,active
CcS-5385,active
CcS-5386,active
CcS-5387,active
CcS-5388,active
CcS-5389,active
CcS-5390,active
CcS-5391,active
CcS-5392,active
CcS-5393,active
CcS-5394,active
CcS-5395,active
CcS-5396,active
CcS-5397,active
CcS-5398,active
CcS-5399,active
CcS-5400,active
CcS-5401,active
CcS-5402,active
CcS-5403,active
CcS-5404,active
CcS-5405,active
CcS-5406,active
CcS-5407,active
CcS-5408,active
CcS-5409,active
CcS-5410,active
CcS-5411,active
CcS-5412,active
CcS-5413,active
CcS-5414,active
CcS-5415,active
CcS-5416,active
CcS-5417,active
CcS-5418,active
CcS-5419,active
CcS-5420,active
CcS-5421,active
CcS-5422,active
CcS-5423,active
CcS-5424,active
CcS-5425,active
CcS-5426,active
CcS-5427,active
CcS-5428,active
CcS-5429,active
CcS-5430,active
CcS-5431,active
CcS-5432,active
CcS-5433,active
CcS-5434,active
CcS-5435,active
CcS-5436,active
CcS-5437,active
CcS-5438,active
CcS-5439,active
CcS-5440,active
CcS-5441,active
CcS-5442,active
CcS-5443,active
CcS-5444,active
CcS-5445,active
CcS-5446,active
CcS-5447,active
CcS-5448,active
CcS-5449,active
CcS-5450,active
CcS-5451,active
CcS-5452,active
CcS-5453,active
CcS-5454,active
CcS-5455,active
CcS-5456,active
CcS-5457,active
CcS-5458,active
CcS-5459,active
CcS-5460,active
CcS-5461,active
CcS-5462,active
CcS-5463,active
CcS-5464,active
CcS-5465,active
CcS-5466,active
CcS-5467,active
CcS-5468,active
CcS-5469,active
CcS-5470,active
CcS-5471,active
CcS-5472,active
CcS-5473,active
CcS-5474,active
CcS-5475,active
CcS-5476,active
CcS-5477,active
CcS-5478,active
CcS-5479,active
CcS-5480,active
CcS-5481,active
CcS-5482,active
CcS-5483,active
CcS-5484,active
CcS-5485,active
CcS-5486,active
CcS-5487,active
CcS-5488,active
CcS-5489,active
CcS-5490,active
CcS-5491,active
CcS-5492,active
CcS-5493,active
CcS-5494,active
CcS-5495,active
CcS-5496,active
CcS-5497,active
CcS-5498,active
CcS-5499,active
CcS-5500,active
CcS-5501,active
CcS-5502,active
CcS-5503,active
CcS-5504,active
CcS-5505,active
CcS-5506,active
CcS-5507,active
CcS-5508,active
CcS-5509,active
CcS-5510,active
CcS-5511,active
CcS-5512,active
CcS-5513,active
CcS-5514,active
CcS-5515,active
CcS-5516,active
CcS-5517,active
CcS-5518,active
CcS-5519,active
CcS-5520,active
CcS-5521,active
CcS-5522,active
CcS-5523,active
CcS-5524,active
CcS-5525,active
CcS-5526,active
CcS-5527,active
CcS-5528,active
CcS-5529,active
CcS-5530,active
CcS-5531,active
CcS-5532,active
CcS-5533,active
CcS-5534,active
CcS-5535,active
CcS-5536,active
CcS-5537,active
CcS-5538,active
CcS-5539,active
CcS-5540,active
CcS-5541,active
CcS-5542,active
CcS-5543,active
CcS-5544,active
CcS-5545,active
CcS-5546,active
CcS-5547,active
CcS-5548,active
CcS-5549,active
CcS-5550,active
CcS-5551,active
CcS-5552,active
CcS-5553,active
CcS-5554,active
CcS-5555,active
CcS-5556,active
CcS-5557,active
CcS-5558,active
CcS-5559,active
CcS-5560,active
CcS-5561,active
CcS-5562,active
CcS-5563,active
CcS-5564,active
CcS-5565,active
CcS-5566,active
CcS-5567,active
CcS-5568,active
CcS-5569,active
CcS-5570,active
CcS-5571,active
CcS-5572,active
CcS-5573,active
CcS-5574,active
CcS-5575,active
CcS-5576,active
CcS-5577,active
CcS-5578,active
CcS-5579,active
CcS-5580,active
CcS-5581,active
CcS-5582,active
CcS-5583,active
CcS-5584,active
CcS-5585,active
CcS-5586,active
CcS-5587,active
CcS-5588,active
CcS-5589,active
CcS-5590,active
CcS-5591,active
CcS-5592,active
CcS-5593,active
CcS-5594,active
CcS-5595,active
CcS-5596,active
CcS-5597,active
CcS-5598,active
CcS-5599,active
CcS-5600,active
CcS-5601,active
CcS-5602,active
CcS-5603,active
CcS-5604,active
CcS-5605,active
CcS-5606,active
CcS-5607,active
CcS-5608,active
CcS-5609,active
CcS-5610,active
CcS-5611,active
CcS-5612,active
CcS-5613,active
CcS-5614,active
CcS-5615,active
CcS-5616,active
CcS-5617,active
CcS-5618,active
CcS-5619,active
CcS-5620,active
CcS-5621,active
CcS-5622,active
CcS-5623,active
CcS-5624,active
CcS-5625,active
CcS-5626,active
CcS-5627,active
CcS-5628,active
CcS-5629,active
CcS-5630,active
CcS-5631,active
CcS-5632,active
CcS-5633,active
CcS-5634,active
CcS-5635,active
CcS-5636,active
CcS-5637,active
CcS-5638,active
CcS-5639,active
CcS-5640,active
CcS-5641,active
CcS-5642,active
CcS-5643,active
CcS-5644,active
CcS-5645,active
CcS-5646,active
CcS-5647,active
CcS-5648,active
CcS-5649,active
CcS-5650,active
CcS-5651,active
CcS-5652,active
CcS-5653,active
CcS-5654,active
CcS-5655,active
CcS-5656,active
CcS-5657,active
CcS-5658,active
CcS-5659,active
CcS-5660,active
CcS-5661,active
CcS-5662,active
CcS-5663,active
CcS-5664,active
CcS-5665,active
CcS-5666,active
CcS-5667,active
CcS-5668,active
CcS-5669,active
CcS-5670,active
CcS-5671,active
CcS-5672,active
CcS-5673,active
CcS-5674,active
CcS-5675,active
CcS-5676,active
CcS-5677,active
CcS-5678,active
CcS-5679,active
CcS-5680,active
CcS-5681,active
CcS-5682,active
CcS-5683,active
CcS-5684,active
CcS-5685,active
CcS-5686,active
CcS-5687,active
CcS-5688,active
CcS-5689,active
CcS-5690,active
CcS-5691,active
CcS-5692,active
CcS-5693,active
CcS-5694,active
CcS-5695,active
CcS-5696,active
CcS-5697,active
CcS-5698,active
CcS-5699,active
CcS-5700,active
CcS-5701,active
CcS-5702,active
CcS-5703,active
CcS-5704,active
CcS-5705,active
CcS-5706,active
CcS-5707,active
CcS-5708,active
CcS-5709,active
CcS-5710,active
CcS-5711,active
CcS-5712,active
CcS-5713,active
CcS-5714,active
CcS-5715,active
CcS-5716,active
CcS-5717,active
CcS-5718,active
CcS-5719,active
CcS-5720,active
CcS-5721,active
CcS-5722,active
CcS-5723,active
CcS-5724,active
CcS-5725,active
CcS-5726,active
CcS-5727,active
CcS-5728,active
CcS-5729,active
CcS-5730,active
CcS-5731,active
CcS-5732,active
CcS-5733,active
CcS-5734,active
CcS-5735,active
CcS-5736,active
CcS-5737,active
CcS-5738,active
CcS-5739,active
CcS-5740,active
CcS-5741,active
CcS-5742,active
CcS-5743,active
CcS-5744,active
CcS-5745,active
CcS-5746,active
CcS-5747,active
CcS-5748,active
CcS-5749,active
CcS-5750,active
CcS-5751,active
CcS-5752,active
CcS-5753,active
CcS-5754,active
CcS-5755,active
CcS-5756,active
CcS-5757,active
CcS-5758,active
CcS-5759,active
CcS-5760,active
CcS-5761,active
CcS-5762,active
CcS-5763,active
CcS-5764,active
CcS-5765,active
CcS-5766,active
CcS-5767,active
CcS-5768,active
CcS-5769,active
CcS-5770,active
CcS-5771,active
CcS-5772,active
CcS-5773,active
CcS-5774,active
CcS-5775,active
CcS-5776,active
CcS-5777,active
CcS-5778,active
CcS-5779,active
CcS-5780,active
CcS-5781,active
CcS-5782,active
CcS-5783,active
CcS-5784,active
CcS-5785,active
CcS-5786,active
CcS-5787,active
CcS-5788,active
CcS-5789,active
CcS-5790,active
CcS-5791,active
CcS-5792,active
CcS-5793,active
CcS-5794,active
CcS-5795,active
CcS-5796,active
CcS-5797,active
CcS-5798,active
CcS-5799,active
CcS-5800,active
CcS-5801,active
CcS-5802,active
CcS-5803,active
CcS-5804,active
CcS-5805,active
CcS-5806,active
CcS-5807,active
CcS-5808,active
CcS-5809,active
CcS-5810,active
CcS-5811,active
CcS-5812,active
CcS-5813,active
CcS-5814,active
CcS-5815,active
CcS-5816,active
CcS-5817,active
CcS-5818,active
CcS-5819,active
CcS-5820,active
CcS-5821,active
CcS-5822,active
CcS-5823,active
CcS-5824,active
CcS-5825,active
CcS-5826,active
CcS-5827,active
CcS-5828,active
CcS-5829,active
CcS-5830,active
CcS-5831,active
CcS-5832,active
CcS-5833,active
CcS-5834,active
CcS-5835,active
CcS-5836,active
CcS-5837,active
CcS-5838,active
CcS-5839,active
CcS-5840,active
CcS-5841,active
CcS-5842,active
CcS-5843,active
CcS-5844,active
CcS-5845,active
CcS-5846,active
CcS-5847,active
CcS-5848,active
CcS-5849,active
CcS-5850,active
CcS-5851,active
CcS-5852,active
CcS-5853,active
CcS-5854,active
CcS-5855,active
CcS-5856,active
CcS-5857,active
CcS-5858,active
CcS-5859,active
CcS-5860,active
CcS-5861,active
CcS-5862,active
CcS-5863,active
CcS-5864,active
CcS-5865,active
CcS-5866,active
CcS-5867,active
CcS-5868,active
CcS-5869,active
CcS-5870,active
CcS-5871,active
CcS-5872,active
CcS-5873,active
CcS-5874,active
CcS-5875,active
CcS-5876,active
CcS-5877,active
CcS-5878,active
CcS-5879,active
CcS-5880,active
CcS-5881,active
CcS-5882,active
CcS-5883,active
CcS-5884,active
CcS-5885,active
CcS-5886,active
CcS-5887,active
CcS-5888,active
CcS-5889,active
CcS-5890,active
CcS-5891,active
CcS-5892,active
CcS-5893,active
CcS-5894,active
CcS-5895,active
CcS-5896,active
CcS-5897,active
CcS-5898,active
CcS-5899,active
CcS-5900,active
CcS-5901,active
CcS-5902,active
CcS-5903,active
CcS-5904,active
CcS-5905,active
CcS-5906,active
CcS-5907,active
CcS-5908,active
CcS-5909,active
CcS-5910,active
CcS-5911,active
CcS-5912,active
CcS-5913,active
CcS-5914,active
CcS-5915,active
CcS-5916,active
CcS-5917,active
CcS-5918,active
CcS-5919,active
CcS-5920,active
CcS-5921,active
CcS-5922,active
CcS-5923,active
CcS-5924,active
CcS-5925,active
CcS-5926,active
CcS-5927,active
CcS-5928,active
CcS-5929,active
CcS-5930,active
CcS-5931,active
CcS-5932,active
CcS-5933,active
CcS-5934,active
CcS-5935,active
CcS-5936,active
CcS-5937,active
CcS-5938,active
CcS-5939,active
CcS-5940,active
CcS-5941,active
CcS-5942,active
CcS-5943,active
CcS-5944,active
CcS-5945,active
CcS-5946,active
CcS-5947,active
CcS-5948,active
CcS-5949,active
CcS-5950,active
CcS-5951,active
CcS-5952,active
CcS-5953,active
CcS-5954,active
CcS-5955,active
CcS-5956,active
CcS-5957,active
CcS-5958,active
CcS-5959,active
CcS-5960,active
CcS-5961,active
CcS-5962,active
CcS-5963,active
CcS-5964,active
CcS-5965,active
CcS-5966,active
CcS-5967,active
CcS-5968,active
CcS-5969,active
CcS-5970,active
CcS-5971,active
CcS-5972,active
CcS-5973,active
CcS-5974,active
CcS-5975,active
CcS-5976,active
CcS-5977,active
CcS-5978,active
CcS-5979,active
CcS-5980,active
CcS-5981,active
CcS-5982,active
CcS-5983,active
CcS-5984,active
CcS-5985,active
CcS-5986,active
CcS-5987,active
CcS-5988,active
CcS-5989,active
CcS-5990,active
CcS-5991,active
CcS-5992,active
CcS-5993,active
CcS-5994,active
CcS-5995,active
CcS-5996,active
CcS-5997,active
CcS-5998,active
CcS-5999,active
CcS-6000,active
CcS-6001,active
CcS-6002,active
CcS-6003,active
CcS-6004,active
CcS-6005,active
CcS-6006,active
CcS-6007,active
CcS-6008,active
CcS-6009,active
CcS-6010,active
CcS-6011,active
CcS-6012,active
CcS-6013,active
CcS-6014,active
CcS-6015,active
CcS-6016,active
CcS-6017,active
CcS-6018,active
CcS-6019,active
CcS-6020,active
CcS-6021,active
CcS-6022,active
CcS-6023,active
CcS-6024,active
CcS-6025,active
CcS-6026,active
CcS-6027,active
CcS-6028,active
CcS-6029,active
CcS-6030,active
CcS-6031,active
CcS-6032,active
CcS-6033,active
CcS-6034,active
CcS-6035,active
CcS-6036,active
CcS-6037,active
CcS-6038,active
CcS-6039,active
CcS-6040,active
CcS-6041,active
CcS-6042,active
CcS-6043,active
CcS-6044,active
CcS-6045,active
CcS-6046,active
CcS-6047,active
CcS-6048,active
CcS-6049,active
CcS-6050,active
CcS-6051,active
CcS-6052,active
CcS-6053,active
CcS-6054,active
CcS-6055,active
CcS-6056,active
CcS-6057,active
CcS-6058,active
CcS-6059,active
CcS-6060,active
CcS-6061,active
CcS-6062,active
CcS-6063,active
CcS-6064,active
CcS-6065,active
CcS-6066,active
CcS-6067,active
CcS-6068,active
CcS-6069,active
CcS-6070,active
CcS-6071,active
CcS-6072,active
CcS-6073,active
CcS-6074,active
CcS-6075,active
CcS-6076,active
CcS-6077,active
CcS-6078,active
CcS-6079,active
CcS-6080,active
CcS-6081,active
CcS-6082,active
CcS-6083,active
CcS-6084,active
CcS-6085,active
CcS-6086,active
CcS-6087,active
CcS-6088,active
CcS-6089,active
CcS-6090,active
CcS-6091,active
CcS-6092,active
CcS-6093,active
CcS-6094,active
CcS-6095,active
CcS-6096,active
CcS-6097,active
CcS-6098,active
CcS-6099,active
CcS-6100,active
CcS-6101,active
CcS-6102,active
CcS-6103,active
CcS-6104,active
CcS-6105,active
CcS-6106,active
CcS-6107,active
CcS-6108,active
CcS-6109,active
CcS-6110,active
CcS-6111,active
CcS-6112,active
CcS-6113,active
CcS-6114,active
CcS-6115,active
CcS-6116,active
CcS-6117,active
CcS-6118,active
CcS-6119,active
CcS-6120,active
CcS-6121,active
CcS-6122,active
CcS-6123,active
CcS-6124,active
CcS-6125,active
CcS-6126,active
CcS-6127,active
CcS-6128,active
CcS-6129,active
CcS-6130,active
CcS-6131,active
CcS-6132,active
CcS-6133,active
CcS-6134,active
CcS-6135,active
CcS-6136,active
CcS-6137,active
CcS-6138,active
CcS-6139,active
CcS-6140,active
CcS-6141,active
CcS-6142,active
CcS-6143,active
CcS-6144,active
CcS-6145,active
CcS-6146,active
CcS-6147,active
CcS-6148,active
CcS-6149,active
CcS-6150,active
CcS-6151,active
CcS-6152,active
CcS-6153,active
CcS-6154,active
CcS-6155,active
CcS-6156,active
CcS-6157,active
CcS-6158,active
CcS-6159,active
CcS-6160,active
CcS-6161,active
CcS-6162,active
CcS-6163,active
CcS-6164,active
CcS-6165,active
CcS-6166,active
CcS-6167,active
CcS-6168,active
CcS-6169,active
CcS-6170,active
CcS-6171,active
CcS-6172,active
CcS-6173,active
CcS-6174,active
CcS-6175,active
CcS-6176,active
CcS-6177,active
CcS-6178,active
CcS-6179,active
CcS-6180,active
CcS-6181,active
CcS-6182,active
CcS-6183,active
CcS-6184,active
CcS-6185,active
CcS-6186,active
CcS-6187,active
CcS-6188,active
CcS-6189,active
CcS-6190,active
CcS-6191,active
CcS-6192,active
CcS-6193,active
CcS-6194,active
CcS-6195,active
CcS-6196,active
CcS-6197,active
CcS-6198,active
CcS-6199,active
CcS-6200,active
CcS-6201,active
CcS-6202,active
CcS-6203,active
CcS-6204,active
CcS-6205,active
CcS-6206,active
CcS-6207,active
CcS-6208,active
CcS-6209,active
CcS-6210,active
CcS-6211,active
CcS-6212,active
CcS-6213,active
CcS-6214,active
CcS-6215,active
CcS-6216,active
CcS-6217,active
CcS-6218,active
CcS-6219,active
CcS-6220,active
CcS-6221,active
CcS-6222,active
CcS-6223,active
CcS-6224,active
CcS-6225,active
CcS-6226,active
CcS-6227,active
CcS-6228,active
CcS-6229,active
CcS-6230,active
CcS-6231,active
CcS-6232,active
CcS-6233,active
CcS-6234,active
CcS-6235,active
CcS-6236,active
CcS-6237,active
CcS-6238,active
CcS-6239,active
CcS-6240,active
CcS-6241,active
CcS-6242,active
CcS-6243,active
CcS-6244,active
CcS-6245,active
CcS-6246,active
CcS-6247,active
CcS-6248,active
CcS-6249,active
CcS-6250,active
CcS-6251,active
CcS-6252,active
CcS-6253,active
CcS-6254,active
CcS-6255,active
CcS-6256,active
CcS-6257,active
CcS-6258,active
CcS-6259,active
CcS-6260,active
CcS-6261,active
CcS-6262,active
CcS-6263,active
CcS-6264,active
CcS-6265,active
CcS-6266,active
CcS-6267,active
CcS-6268,active
CcS-6269,active
CcS-6270,active
CcS-6271,active
CcS-6272,active
CcS-6273,active
CcS-6274,active
CcS-6275,active
CcS-6276,active
CcS-6277,active
CcS-6278,active
CcS-6279,active
CcS-6280,active
CcS-6281,active
CcS-6282,active
CcS-6283,active
CcS-6284,active
CcS-6285,active
CcS-6286,active
CcS-6287,active
CcS-6288,active
CcS-6289,active
CcS-6290,active
CcS-6291,active
CcS-6292,active
CcS-6293,active
CcS-6294,active
CcS-6295,active
CcS-6296,active
CcS-6297,active
CcS-6298,active
CcS-6299,active
CcS-6300,active
CcS-6301,active
CcS-6302,active
CcS-6303,active
CcS-6304,active
CcS-6305,active
CcS-6306,active
CcS-6307,active
CcS-6308,active
CcS-6309,active
CcS-6310,active
CcS-6311,active
CcS-6312,active
CcS-6313,active
CcS-6314,active
CcS-6315,active
CcS-6316,active
CcS-6317,active
CcS-6318,active
CcS-6319,active
CcS-6320,active
CcS-6321,active
CcS-6322,active
CcS-6323,active
CcS-6324,active
CcS-6325,active
CcS-6326,active
CcS-6327,active
CcS-6328,active
CcS-6329,active
CcS-6330,active
CcS-6331,active
CcS-6332,active
CcS-6333,active
CcS-6334,active
CcS-6335,active
CcS-6336,active
CcS-6337,active
CcS-6338,active
CcS-6339,active
CcS-6340,active
CcS-6341,active
CcS-6342,active
CcS-6343,active
CcS-6344,active
CcS-6345,active
CcS-6346,active
CcS-6347,active
CcS-6348,active
CcS-6349,active
CcS-6350,active
CcS-6351,active
CcS-6352,active
CcS-6353,active
CcS-6354,active
CcS-6355,active
CcS-6356,active
CcS-6357,active
CcS-6358,active
CcS-6359,active
CcS-6360,active
CcS-6361,active
CcS-6362,active
CcS-6363,active
CcS-6364,active
CcS-6365,active
CcS-6366,active
CcS-6367,active
CcS-6368,active
CcS-6369,active
CcS-6370,active
CcS-6371,active
CcS-6372,active
CcS-6373,active
CcS-6374,active
CcS-6375,active
CcS-6376,active
CcS-6377,active
CcS-6378,active
CcS-6379,active
CcS-6380,active
CcS-6381,active
CcS-6382,active
CcS-6383,active
CcS-6384,active
CcS-6385,active
CcS-6386,active
CcS-6387,active
CcS-6388,active
CcS-6389,active
CcS-6390,active
CcS-6391,active
CcS-6392,active
CcS-6393,active
CcS-6394,active
CcS-6395,active
CcS-6396,active
CcS-6397,active
CcS-6398,active
CcS-6399,active
CcS-6400,active
CcS-6401,active
CcS-6402,active
CcS-6403,active
CcS-6404,active
CcS-6405,active
CcS-6406,active
CcS-6407,active
CcS-6408,active
CcS-6409,active
CcS-6410,active
CcS-6411,active
CcS-6412,active
CcS-6413,active
CcS-6414,active
CcS-6415,active
CcS-6416,active
CcS-6417,active
CcS-6418,active
CcS-6419,active
CcS-6420,active
CcS-6421,active
CcS-6422,active
CcS-6423,active
CcS-6424,active
CcS-6425,active
CcS-6426,active
CcS-6427,active
CcS-6428,active
CcS-6429,active
CcS-6430,active
CcS-6431,active
CcS-6432,active
CcS-6433,active
CcS-6434,active
CcS-6435,active
CcS-6436,active
CcS-6437,active
CcS-6438,active
CcS-6439,active
CcS-6440,active
CcS-6441,active
CcS-6442,active
CcS-6443,active
CcS-6444,active
CcS-6445,active
CcS-6446,active
CcS-6447,active
CcS-6448,active
CcS-6449,active
CcS-6450,active
CcS-6451,active
CcS-6452,active
CcS-6453,active
CcS-6454,active
CcS-6455,active
CcS-6456,active
CcS-6457,active
CcS-6458,active
CcS-6459,active
CcS-6460,active
CcS-6461,active
CcS-6462,active
CcS-6463,active
CcS-6464,active
CcS-6465,active
CcS-6466,active
CcS-6467,active
CcS-6468,active
CcS-6469,active
CcS-6470,active
CcS-6471,active
CcS-6472,active
CcS-6473,active
CcS-6474,active
CcS-6475,active
CcS-6476,active
CcS-6477,active
CcS-6478,active
CcS-6479,active
CcS-6480,active
CcS-6481,active
CcS-6482,active
CcS-6483,active
CcS-6484,active
CcS-6485,active
CcS-6486,active
CcS-6487,active
CcS-6488,active
CcS-6489,active
CcS-6490,active
CcS-6491,active
CcS-6492,active
CcS-6493,active
CcS-6494,active
CcS-6495,active
CcS-6496,active
CcS-6497,active
CcS-6498,active
CcS-6499,active
CcS-6500,active
CcS-6501,active
CcS-6502,active
CcS-6503,active
CcS-6504,active
CcS-6505,active
CcS-6506,active
CcS-6507,active
CcS-6508,active
CcS-6509,active
CcS-6510,active
CcS-6511,active
CcS-6512,active
CcS-6513,active
CcS-6514,active
CcS-6515,active
CcS-6516,active
CcS-6517,active
CcS-6518,active
CcS-6519,active
CcS-6520,active
CcS-6521,active
CcS-6522,active
CcS-6523,active
CcS-6524,active
CcS-6525,active
CcS-6526,active
CcS-6527,active
CcS-6528,active
CcS-6529,active
CcS-6530,active
CcS-6531,active
CcS-6532,active
CcS-6533,active
CcS-6534,active
CcS-6535,active
CcS-6536,active
CcS-6537,active
CcS-6538,active
CcS-6539,active
CcS-6540,active
CcS-6541,active
CcS-6542,active
CcS-6543,active
CcS-6544,active
CcS-6545,active
CcS-6546,active
CcS-6547,active
CcS-6548,active
CcS-6549,active
CcS-6550,active
CcS-6551,active
CcS-6552,active
CcS-6553,active
CcS-6554,active
CcS-6555,active
CcS-6556,active
CcS-6557,active
CcS-6558,active
CcS-6559,active
CcS-6560,active
CcS-6561,active
CcS-6562,active
CcS-6563,active
CcS-6564,active
CcS-6565,active
CcS-6566,active
CcS-6567,active
CcS-6568,active
CcS-6569,active
CcS-6570,active
CcS-6571,active
CcS-6572,active
CcS-6573,active
CcS-6574,active
CcS-6575,active
CcS-6576,active
CcS-6577,active
CcS-6578,active
CcS-6579,active
CcS-6580,active
CcS-6581,active
CcS-6582,active
CcS-6583,active
CcS-6584,active
CcS-6585,active
CcS-6586,active
CcS-6587,active
CcS-6588,active
CcS-6589,active
CcS-6590,active
CcS-6591,active
CcS-6592,active
CcS-6593,active
CcS-6594,active
CcS-6595,active
CcS-6596,active
CcS-6597,active
CcS-6598,active
CcS-6599,active
CcS-6600,active
CcS-6601,active
CcS-6602,active
CcS-6603,active
CcS-6604,active
CcS-6605,active
CcS-6606,active
CcS-6607,active
CcS-6608,active
CcS-6609,active
CcS-6610,active
CcS-6611,active
CcS-6612,active
CcS-6613,active
CcS-6614,active
CcS-6615,active
CcS-6616,active
CcS-6617,active
CcS-6618,active
CcS-6619,active
CcS-6620,active
CcS-6621,active
CcS-6622,active
CcS-6623,active
CcS-6624,active
CcS-6625,active
CcS-6626,active
CcS-6627,active
CcS-6628,active
CcS-6629,active
CcS-6630,active
CcS-6631,active
CcS-6632,active
CcS-6633,active
CcS-6634,active
CcS-6635,active
CcS-6636,active
CcS-6637,active
CcS-6638,active
CcS-6639,active
CcS-6640,active
CcS-6641,active
CcS-6642,active
CcS-6643,active
CcS-6644,active
CcS-6645,active
CcS-6646,active
CcS-6647,active
CcS-6648,active
CcS-6649,active
CcS-6650,active
CcS-6651,active
CcS-6652,active
CcS-6653,active
CcS-6654,active
CcS-6655,active
CcS-6656,active
CcS-6657,active
CcS-6658,active
CcS-6659,active
CcS-6660,active
CcS-6661,active
CcS-6662,active
CcS-6663,active
CcS-6664,active
CcS-6665,active
CcS-6666,active
CcS-6667,active
CcS-6668,active
CcS-6669,active
CcS-6670,active
CcS-6671,active
CcS-6672,active
CcS-6673,active
CcS-6674,active
CcS-6675,active
CcS-6676,active
CcS-6677,active
CcS-6678,active
CcS-6679,active
CcS-6680,active
CcS-6681,active
CcS-6682,active
CcS-6683,active
CcS-6684,active
CcS-6685,active
CcS-6686,active
CcS-6687,active
CcS-6688,active
CcS-6689,active
CcS-6690,active
CcS-6691,active
CcS-6692,active
CcS-6693,active
CcS-6694,active
CcS-6695,active
CcS-6696,active
CcS-6697,active
CcS-6698,active
CcS-6699,active
CcS-6700,active
CcS-6701,active
CcS-6702,active
CcS-6703,active
CcS-6704,active
CcS-6705,active
CcS-6706,active
CcS-6707,active
CcS-6708,active
CcS-6709,active
CcS-6710,active
CcS-6711,active
CcS-6712,active
CcS-6713,active
CcS-6714,active
CcS-6715,active
CcS-6716,active
CcS-6717,active
CcS-6718,active
CcS-6719,active
CcS-6720,active
CcS-6721,active
CcS-6722,active
CcS-6723,active
CcS-6724,active
CcS-6725,active
CcS-6726,active
CcS-6727,active
CcS-6728,active
CcS-6729,active
CcS-6730,active
CcS-6731,active
CcS-6732,active
CcS-6733,active
CcS-6734,active
CcS-6735,active
CcS-6736,active
CcS-6737,active
CcS-6738,active
CcS-6739,active
CcS-6740,active
CcS-6741,active
CcS-6742,active
CcS-6743,active
CcS-6744,active
CcS-6745,active
CcS-6746,active
CcS-6747,active
CcS-6748,active
CcS-6749,active
CcS-6750,active
CcS-6751,active
CcS-6752,active
CcS-6753,active
CcS-6754,active
CcS-6755,active
CcS-6756,active
CcS-6757,active
CcS-6758,active
CcS-6759,active
CcS-6760,active
CcS-6761,active
CcS-6762,active
CcS-6763,active
CcS-6764,active
CcS-6765,active
CcS-6766,active
CcS-6767,active
CcS-6768,active
CcS-6769,active
CcS-6770,active
CcS-6771,active
CcS-6772,active
CcS-6773,active
CcS-6774,active
CcS-6775,active
CcS-6776,active
CcS-6777,active
CcS-6778,active
CcS-6779,active
CcS-6780,active
CcS-6781,active
CcS-6782,active
CcS-6783,active
CcS-6784,active
CcS-6785,active
CcS-6786,active
CcS-6787,active
CcS-6788,active
CcS-6789,active
CcS-6790,active
CcS-6791,active
CcS-6792,active
CcS-6793,active
CcS-6794,active
CcS-6795,active
CcS-6796,active
CcS-6797,active
CcS-6798,active
CcS-6799,active
CcS-6800,active
CcS-6801,active
CcS-6802,active
CcS-6803,active
CcS-6804,active
CcS-6805,active
CcS-6806,active
CcS-6807,active
CcS-6808,active
CcS-6809,active
CcS-6810,active
CcS-6811,active
CcS-6812,active
CcS-6813,active
CcS-6814,active
CcS-6815,active
CcS-6816,active
CcS-6817,active
CcS-6818,active
CcS-6819,active
CcS-6820,active
CcS-6821,active
CcS-6822,active
CcS-6823,active
CcS-6824,active
CcS-6825,active
CcS-6826,active
CcS-6827,active
CcS-6828,active
CcS-6829,active
CcS-6830,active
CcS-6831,active
CcS-6832,active
CcS-6833,active
CcS-6834,active
CcS-6835,active
CcS-6836,active
CcS-6837,active
CcS-6838,active
CcS-6839,active
CcS-6840,active
CcS-6841,active
CcS-6842,active
CcS-6843,active
CcS-6844,active
CcS-6845,active
CcS-6846,active
CcS-6847,active
CcS-6848,active
CcS-6849,active
CcS-6850,active
CcS-6851,active
CcS-6852,active
CcS-6853,active
CcS-6854,active
CcS-6855,active
CcS-6856,active
CcS-6857,active
CcS-6858,active
CcS-6859,active
CcS-6860,active
CcS-6861,active
CcS-6862,active
CcS-6863,active
CcS-6864,active
CcS-6865,active
CcS-6866,active
CcS-6867,active
CcS-6868,active
CcS-6869,active
CcS-6870,active
CcS-6871,active
CcS-6872,active
CcS-6873,active
CcS-6874,active
CcS-6875,active
CcS-6876,active
CcS-6877,active
CcS-6878,active
CcS-6879,active
CcS-6880,active
CcS-6881,active
CcS-6882,active
CcS-6883,active
CcS-6884,active
CcS-6885,active
CcS-6886,active
CcS-6887,active
CcS-6888,active
CcS-6889,active
CcS-6890,active
CcS-6891,active
CcS-6892,active
CcS-6893,active
CcS-6894,active
CcS-6895,active
CcS-6896,active
CcS-6897,active
CcS-6898,active
CcS-6899,active
CcS-6900,active
CcS-6901,active
CcS-6902,active
CcS-6903,active
CcS-6904,active
CcS-6905,active
CcS-6906,active
CcS-6907,active
CcS-6908,active
CcS-6909,active
CcS-6910,active
CcS-6911,active
CcS-6912,active
CcS-6913,active
CcS-6914,active
CcS-6915,active
CcS-6916,active
CcS-6917,active
CcS-6918,active
CcS-6919,active
CcS-6920,active
CcS-6921,active
CcS-6922,active
CcS-6923,active
CcS-6924,active
CcS-6925,active
CcS-6926,active
CcS-6927,active
CcS-6928,active
CcS-6929,active
CcS-6930,active
CcS-6931,active
CcS-6932,active
CcS-6933,active
CcS-6934,active
CcS-6935,active
CcS-6936,active
CcS-6937,active
CcS-6938,active
CcS-6939,active
CcS-6940,active
CcS-6941,active
CcS-6942,active
CcS-6943,active
CcS-6944,active
CcS-6945,active
CcS-6946,active
CcS-6947,active
CcS-6948,active
CcS-6949,active
CcS-6950,active
CcS-6951,active
CcS-6952,active
CcS-6953,active
CcS-6954,active
CcS-6955,active
CcS-6956,active
CcS-6957,active
CcS-6958,active
CcS-6959,active
CcS-6960,active
CcS-6961,active
CcS-6962,active
CcS-6963,active
CcS-6964,active
CcS-6965,active
CcS-6966,active
CcS-6967,active
CcS-6968,active
CcS-6969,active
CcS-6970,active
CcS-6971,active
CcS-6972,active
CcS-6973,active
CcS-6974,active
CcS-6975,active
CcS-6976,active
CcS-6977,active
CcS-6978,active
CcS-6979,active
CcS-6980,active
CcS-6981,active
CcS-6982,active
CcS-6983,active
CcS-6984,active
CcS-6985,active
CcS-6986,active
CcS-6987,active
CcS-6988,active
CcS-6989,active
CcS-6990,active
CcS-6991,active
CcS-6992,active
CcS-6993,active
CcS-6994,active
CcS-6995,active
CcS-6996,active
CcS-6997,active
CcS-6998,active
CcS-6999,active
CcS-7000,active
CcS-7001,active
CcS-7002,active
CcS-7003,active
CcS-7004,active
CcS-7005,active
CcS-7006,active
CcS-7007,active
CcS-7008,active
CcS-7009,active
CcS-7010,active
CcS-7011,active
CcS-7012,active
CcS-7013,active
CcS-7014,active
CcS-7015,active
CcS-7016,active
CcS-7017,active
CcS-7018,active
CcS-7019,active
CcS-7020,active
CcS-7021,active
CcS-7022,active
CcS-7023,active
CcS-7024,active
CcS-7025,active
CcS-7026,active
CcS-7027,active
CcS-7028,active
CcS-7029,active
CcS-7030,active
CcS-7031,active
CcS-7032,active
CcS-7033,active
CcS-7034,active
CcS-7035,active
CcS-7036,active
CcS-7037,active
CcS-7038,active
CcS-7039,active
CcS-7040,active
CcS-7041,active
CcS-7042,active
CcS-7043,active
CcS-7044,active
CcS-7045,active
CcS-7046,active
CcS-7047,active
CcS-7048,active
CcS-7049,active
CcS-7050,active
CcS-7051,active
CcS-7052,active
CcS-7053,active
CcS-7054,active
CcS-7055,active
CcS-7056,active
CcS-7057,active
CcS-7058,active
CcS-7059,active
CcS-7060,active
CcS-7061,active
CcS-7062,active
CcS-7063,active
CcS-7064,active
CcS-7065,active
CcS-7066,active
CcS-7067,active
CcS-7068,active
CcS-7069,active
CcS-7070,active
CcS-7071,active
CcS-7072,active
CcS-7073,active
CcS-7074,active
CcS-7075,active
CcS-7076,active
CcS-7077,active
CcS-7078,active
CcS-7079,active
CcS-7080,active
CcS-7081,active
CcS-7082,active
CcS-7083,active
CcS-7084,active
CcS-7085,active
CcS-7086,active
CcS-7087,active
CcS-7088,active
CcS-7089,active
CcS-7090,active
CcS-7091,active
CcS-7092,active
CcS-7093,active
CcS-7094,active
CcS-7095,active
CcS-7096,active
CcS-7097,active
CcS-7098,active
CcS-7099,active
CcS-7100,active
CcS-7101,active
CcS-7102,active
CcS-7103,active
CcS-7104,active
CcS-7105,active
CcS-7106,active
CcS-7107,active
CcS-7108,active
CcS-7109,active
CcS-7110,active
CcS-7111,active
CcS-7112,active
CcS-7113,active
CcS-7114,active
CcS-7115,active
CcS-7116,active
CcS-7117,active
CcS-7118,active
CcS-7119,active
CcS-7120,active
CcS-7121,active
CcS-7122,active
CcS-7123,active
CcS-7124,active
CcS-7125,active
CcS-7126,active
CcS-7127,active
CcS-7128,active
CcS-7129,active
CcS-7130,active
CcS-7131,active
CcS-7132,active
CcS-7133,active
CcS-7134,active
CcS-7135,active
CcS-7136,active
CcS-7137,active
CcS-7138,active
CcS-7139,active
CcS-7140,active
CcS-7141,active
CcS-7142,active
CcS-7143,active
CcS-7144,active
CcS-7145,active
CcS-7146,active
CcS-7147,active
CcS-7148,active
CcS-7149,active
CcS-7150,active
CcS-7151,active
CcS-7152,active
CcS-7153,active
CcS-7154,active
CcS-7155,active
CcS-7156,active
CcS-7157,active
CcS-7158,active
CcS-7159,active
CcS-7160,active
CcS-7161,active
CcS-7162,active
CcS-7163,active
CcS-7164,active
CcS-7165,active
CcS-7166,active
CcS-7167,active
CcS-7168,active
CcS-7169,active
CcS-7170,active
CcS-7171,active
CcS-7172,active
CcS-7173,active
CcS-7174,active
CcS-7175,active
CcS-7176,active
CcS-7177,active
CcS-7178,active
CcS-7179,active
CcS-7180,active
CcS-7181,active
CcS-7182,active
CcS-7183,active
CcS-7184,active
CcS-7185,active
CcS-7186,active
CcS-7187,active
CcS-7188,active
CcS-7189,active
CcS-7190,active
CcS-7191,active
CcS-7192,active
CcS-7193,active
CcS-7194,active
CcS-7195,active
CcS-7196,active
CcS-7197,active
CcS-7198,active
CcS-7199,active
CcS-7200,active
CcS-7201,active
CcS-7202,active
CcS-7203,active
CcS-7204,active
CcS-7205,active
CcS-7206,active
CcS-7207,active
CcS-7208,active
CcS-7209,active
CcS-7210,active
CcS-7211,active
CcS-7212,active
CcS-7213,active
CcS-7214,active
CcS-7215,active
CcS-7216,active
CcS-7217,active
CcS-7218,active
CcS-7219,active
CcS-7220,active
CcS-7221,active
CcS-7222,active
CcS-7223,active
CcS-7224,active
CcS-7225,active
CcS-7226,active
CcS-7227,active
CcS-7228,active
CcS-7229,active
CcS-7230,active
CcS-7231,active
CcS-7232,active
CcS-7233,active
CcS-7234,active
CcS-7235,active
CcS-7236,active
CcS-7237,active
CcS-7238,active
CcS-7239,active
CcS-7240,active
CcS-7241,active
CcS-7242,active
CcS-7243,active
CcS-7244,active
CcS-7245,active
CcS-7246,active
CcS-7247,active
CcS-7248,active
CcS-7249,active
CcS-7250,active
CcS-7251,active
CcS-7252,active
CcS-7253,active
CcS-7254,active
CcS-7255,active
CcS-7256,active
CcS-7257,active
CcS-7258,active
CcS-7259,active
CcS-7260,active
CcS-7261,active
CcS-7262,active
CcS-7263,active
CcS-7264,active
CcS-7265,active
CcS-7266,active
CcS-7267,active
CcS-7268,active
CcS-7269,active
CcS-7270,active
CcS-7271,active
CcS-7272,active
CcS-7273,active
CcS-7274,active
CcS-7275,active
CcS-7276,active
CcS-7277,active
CcS-7278,active
CcS-7279,active
CcS-7280,active
CcS-7281,active
CcS-7282,active
CcS-7283,active
CcS-7284,active
CcS-7285,active
CcS-7286,active
CcS-7287,active
CcS-7288,active
CcS-7289,active
CcS-7290,active
CcS-7291,active
CcS-7292,active
CcS-7293,active
CcS-7294,active
CcS-7295,active
CcS-7296,active
CcS-7297,active
CcS-7298,active
CcS-7299,active
CcS-7300,active
CcS-7301,active
CcS-7302,active
CcS-7303,active
CcS-7304,active
CcS-7305,active
CcS-7306,active
CcS-7307,active
CcS-7308,active
CcS-7309,active
CcS-7310,active
CcS-7311,active
CcS-7312,active
CcS-7313,active
CcS-7314,active
CcS-7315,active
CcS-7316,active
CcS-7317,active
CcS-7318,active
CcS-7319,active
CcS-7320,active
CcS-7321,active
CcS-7322,active
CcS-7323,active
CcS-7324,active
CcS-7325,active
CcS-7326,active
CcS-7327,active
CcS-7328,active
CcS-7329,active
CcS-7330,active
CcS-7331,active
CcS-7332,active
CcS-7333,active
CcS-7334,active
CcS-7335,active
CcS-7336,active
CcS-7337,active
CcS-7338,active
CcS-7339,active
CcS-7340,active
CcS-7341,active
CcS-7342,active
CcS-7343,active
CcS-7344,active
CcS-7345,active
CcS-7346,active
CcS-7347,active
CcS-7348,active
CcS-7349,active
CcS-7350,active
CcS-7351,active
CcS-7352,active
CcS-7353,active
CcS-7354,active
CcS-7355,active
CcS-7356,active
CcS-7357,active
CcS-7358,active
CcS-7359,active
CcS-7360,active
CcS-7361,active
CcS-7362,active
CcS-7363,active
CcS-7364,active
CcS-7365,active
CcS-7366,active
CcS-7367,active
CcS-7368,active
CcS-7369,active
CcS-7370,active
CcS-7371,active
CcS-7372,active
CcS-7373,active
CcS-7374,active
CcS-7375,active
CcS-7376,active
CcS-7377,active
CcS-7378,active
CcS-7379,active
CcS-7380,active
CcS-7381,active
CcS-7382,active
CcS-7383,active
CcS-7384,active
CcS-7385,active
CcS-7386,active
CcS-7387,active
CcS-7388,active
CcS-7389,active
CcS-7390,active
CcS-7391,active
CcS-7392,active
CcS-7393,active
CcS-7394,active
CcS-7395,active
CcS-7396,active
CcS-7397,active
CcS-7398,active
CcS-7399,active
CcS-7400,active
CcS-7401,active
CcS-7402,active
CcS-7403,active
CcS-7404,active
CcS-7405,active
CcS-7406,active
CcS-7407,active
CcS-7408,active
CcS-7409,active
CcS-7410,active
CcS-7411,active
CcS-7412,active
CcS-7413,active
CcS-7414,active
CcS-7415,active
CcS-7416,active
CcS-7417,active
CcS-7418,active
CcS-7419,active
CcS-7420,active
CcS-7421,active
CcS-7422,active
CcS-7423,active
CcS-7424,active
CcS-7425,active
CcS-7426,active
CcS-7427,active
CcS-7428,active
CcS-7429,active
CcS-7430,active
CcS-7431,active
CcS-7432,active
CcS-7433,active
CcS-7434,active
CcS-7435,active
CcS-7436,active
CcS-7437,active
CcS-7438,active
CcS-7439,active
CcS-7440,active
CcS-7441,active
CcS-7442,active
CcS-7443,active
CcS-7444,active
CcS-7445,active
CcS-7446,active
CcS-7447,active
CcS-7448,active
CcS-7449,active
CcS-7450,active
CcS-7451,active
CcS-7452,active
CcS-7453,active
CcS-7454,active
CcS-7455,active
CcS-7456,active
CcS-7457,active
CcS-7458,active
CcS-7459,active
CcS-7460,active
CcS-7461,active
CcS-7462,active
CcS-7463,active
CcS-7464,active
CcS-7465,active
CcS-7466,active
CcS-7467,active
CcS-7468,active
CcS-7469,active
CcS-7470,active
CcS-7471,active
CcS-7472,active
CcS-7473,active
CcS-7474,active
CcS-7475,active
CcS-7476,active
CcS-7477,active
CcS-7478,active
CcS-7479,active
CcS-7480,active
CcS-7481,active
CcS-7482,active
CcS-7483,active
CcS-7484,active
CcS-7485,active
CcS-7486,active
CcS-7487,active
CcS-7488,active
CcS-7489,active
CcS-7490,active
CcS-7491,active
CcS-7492,active
CcS-7493,active
CcS-7494,active
CcS-7495,active
CcS-7496,active
CcS-7497,active
CcS-7498,active
CcS-7499,active
CcS-7500,active
CcS-7501,active
CcS-7502,active
CcS-7503,active
CcS-7504,active
CcS-7505,active
CcS-7506,active
CcS-7507,active
CcS-7508,active
CcS-7509,active
CcS-7510,active
CcS-7511,active
CcS-7512,active
CcS-7513,active
CcS-7514,active
CcS-7515,active
CcS-7516,active
CcS-7517,active
CcS-7518,active
CcS-7519,active
CcS-7520,active
CcS-7521,active
CcS-7522,active
CcS-7523,active
CcS-7524,active
CcS-7525,active
CcS-7526,active
CcS-7527,active
CcS-7528,active
CcS-7529,active
CcS-7530,active
CcS-7531,active
CcS-7532,active
CcS-7533,active
CcS-7534,active
CcS-7535,active
CcS-7536,active
CcS-7537,active
CcS-7538,active
CcS-7539,active
CcS-7540,active
CcS-7541,active
CcS-7542,active
CcS-7543,active
CcS-7544,active
CcS-7545,active
CcS-7546,active
CcS-7547,active
CcS-7548,active
CcS-7549,active
CcS-7550,active
CcS-7551,active
CcS-7552,active
CcS-7553,active
CcS-7554,active
CcS-7555,active
CcS-7556,active
CcS-7557,active
CcS-7558,active
CcS-7559,active
CcS-7560,active
CcS-7561,active
CcS-7562,active
CcS-7563,active
CcS-7564,active
CcS-7565,active
CcS-7566,active
CcS-7567,active
CcS-7568,active
CcS-7569,active
CcS-7570,active
CcS-7571,active
CcS-7572,active
CcS-7573,active
CcS-7574,active
CcS-7575,active
CcS-7576,active
CcS-7577,active
CcS-7578,active
CcS-7579,active
CcS-7580,active
CcS-7581,active
CcS-7582,active
CcS-7583,active
CcS-7584,active
CcS-7585,active
CcS-7586,active
CcS-7587,active
CcS-7588,active
CcS-7589,active
CcS-7590,active
CcS-7591,active
CcS-7592,active
CcS-7593,active
CcS-7594,active
CcS-7595,active
CcS-7596,active
CcS-7597,active
CcS-7598,active
CcS-7599,active
CcS-7600,active
CcS-7601,active
CcS-7602,active
CcS-7603,active
CcS-7604,active
CcS-7605,active
CcS-7606,active
CcS-7607,active
CcS-7608,active
CcS-7609,active
CcS-7610,active
CcS-7611,active
CcS-7612,active
CcS-7613,active
CcS-7614,active
CcS-7615,active
CcS-7616,active
CcS-7617,active
CcS-7618,active
CcS-7619,active
CcS-7620,active
CcS-7621,active
CcS-7622,active
CcS-7623,active
CcS-7624,active
CcS-7625,active
CcS-7626,active
CcS-7627,active
CcS-7628,active
CcS-7629,active
CcS-7630,active
CcS-7631,active
CcS-7632,active
CcS-7633,active
CcS-7634,active
CcS-7635,active
CcS-7636,active
CcS-7637,active
CcS-7638,active
CcS-7639,active
CcS-7640,active
CcS-7641,active
CcS-7642,active
CcS-7643,active
CcS-7644,active
CcS-7645,active
CcS-7646,active
CcS-7647,active
CcS-7648,active
CcS-7649,active
CcS-7650,active
CcS-7651,active
CcS-7652,active
CcS-7653,active
CcS-7654,active
CcS-7655,active
CcS-7656,active
CcS-7657,active
CcS-7658,active
CcS-7659,active
CcS-7660,active
CcS-7661,active
CcS-7662,active
CcS-7663,active
CcS-7664,active
CcS-7665,active
CcS-7666,active
CcS-7667,active
CcS-7668,active
CcS-7669,active
CcS-7670,active
CcS-7671,active
CcS-7672,active
CcS-7673,active
CcS-7674,active
CcS-7675,active
CcS-7676,active
CcS-7677,active
CcS-7678,active
CcS-7679,active
CcS-7680,active
CcS-7681,active
CcS-7682,active
CcS-7683,active
CcS-7684,active
CcS-7685,active
CcS-7686,active
CcS-7687,active
CcS-7688,active
CcS-7689,active
CcS-7690,active
CcS-7691,active
CcS-7692,active
CcS-7693,active
CcS-7694,active
CcS-7695,active
CcS-7696,active
CcS-7697,active
CcS-7698,active
CcS-7699,active
CcS-7700,active
CcS-7701,active
CcS-7702,active
CcS-7703,active
CcS-7704,active
CcS-7705,active
CcS-7706,active
CcS-7707,active
CcS-7708,active
CcS-7709,active
CcS-7710,active
CcS-7711,active
CcS-7712,active
CcS-7713,active
CcS-7714,active
CcS-7715,active
CcS-7716,active
CcS-7717,active
CcS-7718,active
CcS-7719,active
CcS-7720,active
CcS-7721,active
CcS-7722,active
CcS-7723,active
CcS-7724,active
CcS-7725,active
CcS-7726,active
CcS-7727,active
CcS-7728,active
CcS-7729,active
CcS-7730,active
CcS-7731,active
CcS-7732,active
CcS-7733,active
CcS-7734,active
CcS-7735,active
CcS-7736,active
CcS-7737,active
CcS-7738,active
CcS-7739,active
CcS-7740,active
CcS-7741,active
CcS-7742,active
CcS-7743,active
CcS-7744,active
CcS-7745,active
CcS-7746,active
CcS-7747,active
CcS-7748,active
CcS-7749,active
CcS-7750,active
CcS-7751,active
CcS-7752,active
CcS-7753,active
CcS-7754,active
CcS-7755,active
CcS-7756,active
CcS-7757,active
CcS-7758,active
CcS-7759,active
CcS-7760,active
CcS-7761,active
CcS-7762,active
CcS-7763,active
CcS-7764,active
CcS-7765,active
CcS-7766,active
CcS-7767,active
CcS-7768,active
CcS-7769,active
CcS-7770,active
CcS-7771,active
CcS-7772,active
CcS-7773,active
CcS-7774,active
CcS-7775,active
CcS-7776,active
CcS-7777,active
CcS-7778,active
CcS-7779,active
CcS-7780,active
CcS-7781,active
CcS-7782,active
CcS-7783,active
CcS-7784,active
CcS-7785,active
CcS-7786,active
CcS-7787,active
CcS-7788,active
CcS-7789,active
CcS-7790,active
CcS-7791,active
CcS-7792,active
CcS-7793,active
CcS-7794,active
CcS-7795,active
CcS-7796,active
CcS-7797,active
CcS-7798,active
CcS-7799,active
CcS-7800,active
CcS-7801,active
CcS-7802,active
CcS-7803,active
CcS-7804,active
CcS-7805,active
CcS-7806,active
CcS-7807,active
CcS-7808,active
CcS-7809,active
CcS-7810,active
CcS-7811,active
CcS-7812,active
CcS-7813,active
CcS-7814,active
CcS-7815,active
CcS-7816,active
CcS-7817,active
CcS-7818,active
CcS-7819,active
CcS-7820,active
CcS-7821,active
CcS-7822,active
CcS-7823,active
CcS-7824,active
CcS-7825,active
CcS-7826,active
CcS-7827,active
CcS-7828,active
CcS-7829,active
CcS-7830,active
CcS-7831,active
CcS-7832,active
CcS-7833,active
CcS-7834,active
CcS-7835,active
CcS-7836,active
CcS-7837,active
CcS-7838,active
CcS-7839,active
CcS-7840,active
CcS-7841,active
CcS-7842,active
CcS-7843,active
CcS-7844,active
CcS-7845,active
CcS-7846,active
CcS-7847,active
CcS-7848,active
CcS-7849,active
CcS-7850,active
CcS-7851,active
CcS-7852,active
CcS-7853,active
CcS-7854,active
CcS-7855,active
CcS-7856,active
CcS-7857,active
CcS-7858,active
CcS-7859,active
CcS-7860,active
CcS-7861,active
CcS-7862,active
CcS-7863,active
CcS-7864,active
CcS-7865,active
CcS-7866,active
CcS-7867,active
CcS-7868,active
CcS-7869,active
CcS-7870,active
CcS-7871,active
CcS-7872,active
CcS-7873,active
CcS-7874,active
CcS-7875,active
CcS-7876,active
CcS-7877,active
CcS-7878,active
CcS-7879,active
CcS-7880,active
CcS-7881,active
CcS-7882,active
CcS-7883,active
CcS-7884,active
CcS-7885,active
CcS-7886,active
CcS-7887,active
CcS-7888,active
CcS-7889,active
CcS-7890,active
CcS-7891,active
CcS-7892,active
CcS-7893,active
CcS-7894,active
CcS-7895,active
CcS-7896,active
CcS-7897,active
CcS-7898,active
CcS-7899,active
CcS-7900,active
CcS-7901,active
CcS-7902,active
CcS-7903,active
CcS-7904,active
CcS-7905,active
CcS-7906,active
CcS-7907,active
CcS-7908,active
CcS-7909,active
CcS-7910,active
CcS-7911,active
CcS-7912,active
CcS-7913,active
CcS-7914,active
CcS-7915,active
CcS-7916,active
CcS-7917,active
CcS-7918,active
CcS-7919,active
CcS-7920,active
CcS-7921,active
CcS-7922,active
CcS-7923,active
CcS-7924,active
CcS-7925,active
CcS-7926,active
CcS-7927,active
CcS-7928,active
CcS-7929,active
CcS-7930,active
CcS-7931,active
CcS-7932,active
CcS-7933,active
CcS-7934,active
CcS-7935,active
CcS-7936,active
CcS-7937,active
CcS-7938,active
CcS-7939,active
CcS-7940,active
CcS-7941,active
CcS-7942,active
CcS-7943,active
CcS-7944,active
CcS-7945,active
CcS-7946,active
CcS-7947,active
CcS-7948,active
CcS-7949,active
CcS-7950,active
CcS-7951,active
CcS-7952,active
CcS-7953,active
CcS-7954,active
CcS-7955,active
CcS-7956,active
CcS-7957,active
CcS-7958,active
CcS-7959,active
CcS-7960,active
CcS-7961,active
CcS-7962,active
CcS-7963,active
CcS-7964,active
CcS-7965,active
CcS-7966,active
CcS-7967,active
CcS-7968,active
CcS-7969,active
CcS-7970,active
CcS-7971,active
CcS-7972,active
CcS-7973,active
CcS-7974,active
CcS-7975,active
CcS-7976,active
CcS-7977,active
CcS-7978,active
CcS-7979,active
CcS-7980,active
CcS-7981,active
CcS-7982,active
CcS-7983,active
CcS-7984,active
CcS-7985,active
CcS-7986,active
CcS-7987,active
CcS-7988,active
CcS-7989,active
CcS-7990,active
CcS-7991,active
CcS-7992,active
CcS-7993,active
CcS-7994,active
CcS-7995,active
CcS-7996,active
CcS-7997,active
CcS-7998,active
CcS-7999,active
CcS-8000,active
CcS-8001,active
CcS-8002,active
CcS-8003,active
CcS-8004,active
CcS-8005,active
CcS-8006,active
CcS-8007,active
CcS-8008,active
CcS-8009,active
CcS-8010,active
CcS-8011,active
CcS-8012,active
CcS-8013,active
CcS-8014,active
CcS-8015,active
CcS-8016,active
CcS-8017,active
CcS-8018,active
CcS-8019,active
CcS-8020,active
CcS-8021,active
CcS-8022,active
CcS-8023,active
CcS-8024,active
CcS-8025,active
CcS-8026,active
CcS-8027,active
CcS-8028,active
CcS-8029,active
CcS-8030,active
CcS-8031,active
CcS-8032,active
CcS-8033,active
CcS-8034,active
CcS-8035,active
CcS-8036,active
CcS-8037,active
CcS-8038,active
CcS-8039,active
CcS-8040,active
CcS-8041,active
CcS-8042,active
CcS-8043,active
CcS-8044,active
CcS-8045,active
CcS-8046,active
CcS-8047,active
CcS-8048,active
CcS-8049,active
CcS-8050,active
CcS-8051,active
CcS-8052,active
CcS-8053,active
CcS-8054,active
CcS-8055,active
CcS-8056,active
CcS-8057,active
CcS-8058,active
CcS-8059,active
CcS-8060,active
CcS-8061,active
CcS-8062,active
CcS-8063,active
CcS-8064,active
CcS-8065,active
CcS-8066,active
CcS-8067,active
CcS-8068,active
CcS-8069,active
CcS-8070,active
CcS-8071,active
CcS-8072,active
CcS-8073,active
CcS-8074,active
CcS-8075,active
CcS-8076,active
CcS-8077,active
CcS-8078,active
CcS-8079,active
CcS-8080,active
CcS-8081,active
CcS-8082,active
CcS-8083,active
CcS-8084,active
CcS-8085,active
CcS-8086,active
CcS-8087,active
CcS-8088,active
CcS-8089,active
CcS-8090,active
CcS-8091,active
CcS-8092,active
CcS-8093,active
CcS-8094,active
CcS-8095,active
CcS-8096,active
CcS-8097,active
CcS-8098,active
CcS-8099,active
CcS-8100,active
CcS-8101,active
CcS-8102,active
CcS-8103,active
CcS-8104,active
CcS-8105,active
CcS-8106,active
CcS-8107,active
CcS-8108,active
CcS-8109,active
CcS-8110,active
CcS-8111,active
CcS-8112,active
CcS-8113,active
CcS-8114,active
CcS-8115,active
CcS-8116,active
CcS-8117,active
CcS-8118,active
CcS-8119,active
CcS-8120,active
CcS-8121,active
CcS-8122,active
CcS-8123,active
CcS-8124,active
CcS-8125,active
CcS-8126,active
CcS-8127,active
CcS-8128,active
CcS-8129,active
CcS-8130,active
CcS-8131,active
CcS-8132,active
CcS-8133,active
CcS-8134,active
CcS-8135,active
CcS-8136,active
CcS-8137,active
CcS-8138,active
CcS-8139,active
CcS-8140,active
CcS-8141,active
CcS-8142,active
CcS-8143,active
CcS-8144,active
CcS-8145,active
CcS-8146,active
CcS-8147,active
CcS-8148,active
CcS-8149,active
CcS-8150,active
CcS-8151,active
CcS-8152,active
CcS-8153,active
CcS-8154,active
CcS-8155,active
CcS-8156,active
CcS-8157,active
CcS-8158,active
CcS-8159,active
CcS-8160,active
CcS-8161,active
CcS-8162,active
CcS-8163,active
CcS-8164,active
CcS-8165,active
CcS-8166,active
CcS-8167,active
CcS-8168,active
CcS-8169,active
CcS-8170,active
CcS-8171,active
CcS-8172,active
CcS-8173,active
CcS-8174,active
CcS-8175,active
CcS-8176,active
CcS-8177,active
CcS-8178,active
CcS-8179,active
CcS-8180,active
CcS-8181,active
CcS-8182,active
CcS-8183,active
CcS-8184,active
CcS-8185,active
CcS-8186,active
CcS-8187,active
CcS-8188,active
CcS-8189,active
CcS-8190,active
CcS-8191,active
CcS-8192,active
CcS-8193,active
CcS-8194,active
CcS-8195,active
CcS-8196,active
CcS-8197,active
CcS-8198,active
CcS-8199,active
CcS-8200,active
CcS-8201,active
CcS-8202,active
CcS-8203,active
CcS-8204,active
CcS-8205,active
CcS-8206,active
CcS-8207,active
CcS-8208,active
CcS-8209,active
CcS-8210,active
CcS-8211,active
CcS-8212,active
CcS-8213,active
CcS-8214,active
CcS-8215,active
CcS-8216,active
CcS-8217,active
CcS-8218,active
CcS-8219,active
CcS-8220,active
CcS-8221,active
CcS-8222,active
CcS-8223,active
CcS-8224,active
CcS-8225,active
CcS-8226,active
CcS-8227,active
CcS-8228,active
CcS-8229,active
CcS-8230,active
CcS-8231,active
CcS-8232,active
CcS-8233,active
CcS-8234,active
CcS-8235,active
CcS-8236,active
CcS-8237,active
CcS-8238,active
CcS-8239,active
CcS-8240,active
CcS-8241,active
CcS-8242,active
CcS-8243,active
CcS-8244,active
CcS-8245,active
CcS-8246,active
CcS-8247,active
CcS-8248,active
CcS-8249,active
CcS-8250,active
CcS-8251,active
CcS-8252,active
CcS-8253,active
CcS-8254,active
CcS-8255,active
CcS-8256,active
CcS-8257,active
CcS-8258,active
CcS-8259,active
CcS-8260,active
CcS-8261,active
CcS-8262,active
CcS-8263,active
CcS-8264,active
CcS-8265,active
CcS-8266,active
CcS-8267,active
CcS-8268,active
CcS-8269,active
CcS-8270,active
CcS-8271,active
CcS-8272,active
CcS-8273,active
CcS-8274,active
CcS-8275,active
CcS-8276,active
CcS-8277,active
CcS-8278,active
CcS-8279,active
CcS-8280,active
CcS-8281,active
CcS-8282,active
CcS-8283,active
CcS-8284,active
CcS-8285,active
CcS-8286,active
CcS-8287,active
CcS-8288,active
CcS-8289,active
CcS-8290,active
CcS-8291,active
CcS-8292,active
CcS-8293,active
CcS-8294,active
CcS-8295,active
CcS-8296,active
CcS-8297,active
CcS-8298,active
CcS-8299,active
CcS-8300,active
CcS-8301,active
CcS-8302,active
CcS-8303,active
CcS-8304,active
CcS-8305,active
CcS-8306,active
CcS-8307,active
CcS-8308,active
CcS-8309,active
CcS-8310,active
CcS-8311,active
CcS-8312,active
CcS-8313,active
CcS-8314,active
CcS-8315,active
CcS-8316,active
CcS-8317,active
CcS-8318,active
CcS-8319,active
CcS-8320,active
CcS-8321,active
CcS-8322,active
CcS-8323,active
CcS-8324,active
CcS-8325,active
CcS-8326,active
CcS-8327,active
CcS-8328,active
CcS-8329,active
CcS-8330,active
CcS-8331,active
CcS-8332,active
CcS-8333,active
CcS-8334,active
CcS-8335,active
CcS-8336,active
CcS-8337,active
CcS-8338,active
CcS-8339,active
CcS-8340,active
CcS-8341,active
CcS-8342,active
CcS-8343,active
CcS-8344,active
CcS-8345,active
CcS-8346,active
CcS-8347,active
CcS-8348,active
CcS-8349,active
CcS-8350,active
CcS-8351,active
CcS-8352,active
CcS-8353,active
CcS-8354,active
CcS-8355,active
CcS-8356,active
CcS-8357,active
CcS-8358,active
CcS-8359,active
CcS-8360,active
CcS-8361,active
CcS-8362,active
CcS-8363,active
CcS-8364,active
CcS-8365,active
CcS-8366,active
CcS-8367,active
CcS-8368,active
CcS-8369,active
CcS-8370,active
CcS-8371,active
CcS-8372,active
CcS-8373,active
CcS-8374,active
CcS-8375,active
CcS-8376,active
CcS-8377,active
CcS-8378,active
CcS-8379,active
CcS-8380,active
CcS-8381,active
CcS-8382,active
CcS-8383,active
CcS-8384,active
CcS-8385,active
CcS-8386,active
CcS-8387,active
CcS-8388,active
CcS-8389,active
CcS-8390,active
CcS-8391,active
CcS-8392,active
CcS-8393,active
CcS-8394,active
CcS-8395,active
CcS-8396,active
CcS-8397,active
CcS-8398,active
CcS-8399,active
CcS-8400,active
CcS-8401,active
CcS-8402,active
CcS-8403,active
CcS-8404,active
CcS-8405,active
CcS-8406,active
CcS-8407,active
CcS-8408,active
CcS-8409,active
CcS-8410,active
CcS-8411,active
CcS-8412,active
CcS-8413,active
CcS-8414,active
CcS-8415,active
CcS-8416,active
CcS-8417,active
CcS-8418,active
CcS-8419,active
CcS-8420,active
CcS-8421,active
CcS-8422,active
CcS-8423,active
CcS-8424,active
CcS-8425,active
CcS-8426,active
CcS-8427,active
CcS-8428,active
CcS-8429,active
CcS-8430,active
CcS-8431,active
CcS-8432,active
CcS-8433,active
CcS-8434,active
CcS-8435,active
CcS-8436,active
CcS-8437,active
CcS-8438,active
CcS-8439,active
CcS-8440,active
CcS-8441,active
CcS-8442,active
CcS-8443,active
CcS-8444,active
CcS-8445,active
CcS-8446,active
CcS-8447,active
CcS-8448,active
CcS-8449,active
CcS-8450,active
CcS-8451,active
CcS-8452,active
CcS-8453,active
CcS-8454,active
CcS-8455,active
CcS-8456,active
CcS-8457,active
CcS-8458,active
CcS-8459,active
CcS-8460,active
CcS-8461,active
CcS-8462,active
CcS-8463,active
CcS-8464,active
CcS-8465,active
CcS-8466,active
CcS-8467,active
CcS-8468,active
CcS-8469,active
CcS-8470,active
CcS-8471,active
CcS-8472,active
CcS-8473,active
CcS-8474,active
CcS-8475,active
CcS-8476,active
CcS-8477,active
CcS-8478,active
CcS-8479,active
CcS-8480,active
CcS-8481,active
CcS-8482,active
CcS-8483,active
CcS-8484,active
CcS-8485,active
CcS-8486,active
CcS-8487,active
CcS-8488,active
CcS-8489,active
CcS-8490,active
CcS-8491,active
CcS-8492,active
CcS-8493,active
CcS-8494,active
CcS-8495,active
CcS-8496,active
CcS-8497,active
CcS-8498,active
CcS-8499,active
CcS-8500,active
CcS-8501,active
CcS-8502,active
CcS-8503,active
CcS-8504,active
CcS-8505,active
CcS-8506,active
CcS-8507,active
CcS-8508,active
CcS-8509,active
CcS-8510,active
CcS-8511,active
CcS-8512,active
CcS-8513,active
CcS-8514,active
CcS-8515,active
CcS-8516,active
CcS-8517,active
CcS-8518,active
CcS-8519,active
CcS-8520,active
CcS-8521,active
CcS-8522,active
CcS-8523,active
CcS-8524,active
CcS-8525,active
CcS-8526,active
CcS-8527,active
CcS-8528,active
CcS-8529,active
CcS-8530,active
CcS-8531,active
CcS-8532,active
CcS-8533,active
CcS-8534,active
CcS-8535,active
CcS-8536,active
CcS-8537,active
CcS-8538,active
CcS-8539,active
CcS-8540,active
CcS-8541,active
CcS-8542,active
CcS-8543,active
CcS-8544,active
CcS-8545,active
CcS-8546,active
CcS-8547,active
CcS-8548,active
CcS-8549,active
CcS-8550,active
CcS-8551,active
CcS-8552,active
CcS-8553,active
CcS-8554,active
CcS-8555,active
CcS-8556,active
CcS-8557,active
CcS-8558,active
CcS-8559,active
CcS-8560,active
CcS-8561,active
CcS-8562,active
CcS-8563,active
CcS-8564,active
CcS-8565,active
CcS-8566,active
CcS-8567,active
CcS-8568,active
CcS-8569,active
CcS-8570,active
CcS-8571,active
CcS-8572,active
CcS-8573,active
CcS-8574,active
CcS-8575,active
CcS-8576,active
CcS-8577,active
CcS-8578,active
CcS-8579,active
CcS-8580,active
CcS-8581,active
CcS-8582,active
CcS-8583,active
CcS-8584,active
CcS-8585,active
CcS-8586,active
CcS-8587,active
CcS-8588,active
CcS-8589,active
CcS-8590,active
CcS-8591,active
CcS-8592,active
CcS-8593,active
CcS-8594,active
CcS-8595,active
CcS-8596,active
CcS-8597,active
CcS-8598,active
CcS-8599,active
CcS-8600,active
CcS-8601,active
CcS-8602,active
CcS-8603,active
CcS-8604,active
CcS-8605,active
CcS-8606,active
CcS-8607,active
CcS-8608,active
CcS-8609,active
CcS-8610,active
CcS-8611,active
CcS-8612,active
CcS-8613,active
CcS-8614,active
CcS-8615,active
CcS-8616,active
CcS-8617,active
CcS-8618,active
CcS-8619,active
CcS-8620,active
CcS-8621,active
CcS-8622,active
CcS-8623,active
CcS-8624,active
CcS-8625,active
CcS-8626,active
CcS-8627,active
CcS-8628,active
CcS-8629,active
CcS-8630,active
CcS-8631,active
CcS-8632,active
CcS-8633,active
CcS-8634,active
CcS-8635,active
CcS-8636,active
CcS-8637,active
CcS-8638,active
CcS-8639,active
CcS-8640,active
CcS-8641,active
CcS-8642,active
CcS-8643,active
CcS-8644,active
CcS-8645,active
CcS-8646,active
CcS-8647,active
CcS-8648,active
CcS-8649,active
CcS-8650,active
CcS-8651,active
CcS-8652,active
CcS-8653,active
CcS-8654,active
CcS-8655,active
CcS-8656,active
CcS-8657,active
CcS-8658,active
CcS-8659,active
CcS-8660,active
CcS-8661,active
CcS-8662,active
CcS-8663,active
CcS-8664,active
CcS-8665,active
CcS-8666,active
CcS-8667,active
CcS-8668,active
CcS-8669,active
CcS-8670,active
CcS-8671,active
CcS-8672,active
CcS-8673,active
CcS-8674,active
CcS-8675,active
CcS-8676,active
CcS-8677,active
CcS-8678,active
CcS-8679,active
CcS-8680,active
CcS-8681,active
CcS-8682,active
CcS-8683,active
CcS-8684,active
CcS-8685,active
CcS-8686,active
CcS-8687,active
CcS-8688,active
CcS-8689,active
CcS-8690,active
CcS-8691,active
CcS-8692,active
CcS-8693,active
CcS-8694,active
CcS-8695,active
CcS-8696,active
CcS-8697,active
CcS-8698,active
CcS-8699,active
CcS-8700,active
CcS-8701,active
CcS-8702,active
CcS-8703,active
CcS-8704,active
CcS-8705,active
CcS-8706,active
CcS-8707,active
CcS-8708,active
CcS-8709,active
CcS-8710,active
CcS-8711,active
CcS-8712,active
CcS-8713,active
CcS-8714,active
CcS-8715,active
CcS-8716,active
CcS-8717,active
CcS-8718,active
CcS-8719,active
CcS-8720,active
CcS-8721,active
CcS-8722,active
CcS-8723,active
CcS-8724,active
CcS-8725,active
CcS-8726,active
CcS-8727,active
CcS-8728,active
CcS-8729,active
CcS-8730,active
CcS-8731,active
CcS-8732,active
CcS-8733,active
CcS-8734,active
CcS-8735,active
CcS-8736,active
CcS-8737,active
CcS-8738,active
CcS-8739,active
CcS-8740,active
CcS-8741,active
CcS-8742,active
CcS-8743,active
CcS-8744,active
CcS-8745,active
CcS-8746,active
CcS-8747,active
CcS-8748,active
CcS-8749,active
CcS-8750,active
CcS-8751,active
CcS-8752,active
CcS-8753,active
CcS-8754,active
CcS-8755,active
CcS-8756,active
CcS-8757,active
CcS-8758,active
CcS-8759,active
CcS-8760,active
CcS-8761,active
CcS-8762,active
CcS-8763,active
CcS-8764,active
CcS-8765,active
CcS-8766,active
CcS-8767,active
CcS-8768,active
CcS-8769,active
CcS-8770,active
CcS-8771,active
CcS-8772,active
CcS-8773,active
CcS-8774,active
CcS-8775,active
CcS-8776,active
CcS-8777,active
CcS-8778,active
CcS-8779,active
CcS-8780,active
CcS-8781,active
CcS-8782,active
CcS-8783,active
CcS-8784,active
CcS-8785,active
CcS-8786,active
CcS-8787,active
CcS-8788,active
CcS-8789,active
CcS-8790,active
CcS-8791,active
CcS-8792,active
CcS-8793,active
CcS-8794,active
CcS-8795,active
CcS-8796,active
CcS-8797,active
CcS-8798,active
CcS-8799,active
CcS-8800,active
CcS-8801,active
CcS-8802,active
CcS-8803,active
CcS-8804,active
CcS-8805,active
CcS-8806,active
CcS-8807,active
CcS-8808,active
CcS-8809,active
CcS-8810,active
CcS-8811,active
CcS-8812,active
CcS-8813,active
CcS-8814,active
CcS-8815,active
CcS-8816,active
CcS-8817,active
CcS-8818,active
CcS-8819,active
CcS-8820,active
CcS-8821,active
CcS-8822,active
CcS-8823,active
CcS-8824,active
CcS-8825,active
CcS-8826,active
CcS-8827,active
CcS-8828,active
CcS-8829,active
CcS-8830,active
CcS-8831,active
CcS-8832,active
CcS-8833,active
CcS-8834,active
CcS-8835,active
CcS-8836,active
CcS-8837,active
CcS-8838,active
CcS-8839,active
CcS-8840,active
CcS-8841,active
CcS-8842,active
CcS-8843,active
CcS-8844,active
CcS-8845,active
CcS-8846,active
CcS-8847,active
CcS-8848,active
CcS-8849,active
CcS-8850,active
CcS-8851,active
CcS-8852,active
CcS-8853,active
CcS-8854,active
CcS-8855,active
CcS-8856,active
CcS-8857,active
CcS-8858,active
CcS-8859,active
CcS-8860,active
CcS-8861,active
CcS-8862,active
CcS-8863,active
CcS-8864,active
CcS-8865,active
CcS-8866,active
CcS-8867,active
CcS-8868,active
CcS-8869,active
CcS-8870,active
CcS-8871,active
CcS-8872,active
CcS-8873,active
CcS-8874,active
CcS-8875,active
CcS-8876,active
CcS-8877,active
CcS-8878,active
CcS-8879,active
CcS-8880,active
CcS-8881,active
CcS-8882,active
CcS-8883,active
CcS-8884,active
CcS-8885,active
CcS-8886,active
CcS-8887,active
CcS-8888,active
CcS-8889,active
CcS-8890,active
CcS-8891,active
CcS-8892,active
CcS-8893,active
CcS-8894,active
CcS-8895,active
CcS-8896,active
CcS-8897,active
CcS-8898,active
CcS-8899,active
CcS-8900,active
CcS-8901,active
CcS-8902,active
CcS-8903,active
CcS-8904,active
CcS-8905,active
CcS-8906,active
CcS-8907,active
CcS-8908,active
CcS-8909,active
CcS-8910,active
CcS-8911,active
CcS-8912,active
CcS-8913,active
CcS-8914,active
CcS-8915,active
CcS-8916,active
CcS-8917,active
CcS-8918,active
CcS-8919,active
CcS-8920,active
CcS-8921,active
CcS-8922,active
CcS-8923,active
CcS-8924,active
CcS-8925,active
CcS-8926,active
CcS-8927,active
CcS-8928,active
CcS-8929,active
CcS-8930,active
CcS-8931,active
CcS-8932,active
CcS-8933,active
CcS-8934,active
CcS-8935,active
CcS-8936,active
CcS-8937,active
CcS-8938,active
CcS-8939,active
CcS-8940,active
CcS-8941,active
CcS-8942,active
CcS-8943,active
CcS-8944,active
CcS-8945,active
CcS-8946,active
CcS-8947,active
CcS-8948,active
CcS-8949,active
CcS-8950,active
CcS-8951,active
CcS-8952,active
CcS-8953,active
CcS-8954,active
CcS-8955,active
CcS-8956,active
CcS-8957,active
CcS-8958,active
CcS-8959,active
CcS-8960,active
CcS-8961,active
CcS-8962,active
CcS-8963,active
CcS-8964,active
CcS-8965,active
CcS-8966,active
CcS-8967,active
CcS-8968,active
CcS-8969,active
CcS-8970,active
CcS-8971,active
CcS-8972,active
CcS-8973,active
CcS-8974,active
CcS-8975,active
CcS-8976,active
CcS-8977,active
CcS-8978,active
CcS-8979,active
CcS-8980,active
CcS-8981,active
CcS-8982,active
CcS-8983,active
CcS-8984,active
CcS-8985,active
CcS-8986,active
CcS-8987,active
CcS-8988,active
CcS-8989,active
CcS-8990,active
CcS-8991,active
CcS-8992,active
CcS-8993,active
CcS-8994,active
CcS-8995,active
CcS-8996,active
CcS-8997,active
CcS-8998,active
CcS-8999,active
CcS-9000,active
CcS-9001,active
CcS-9002,active
CcS-9003,active
CcS-9004,active
CcS-9005,active
CcS-9006,active
CcS-9007,active
CcS-9008,active
CcS-9009,active
CcS-9010,active
CcS-9011,active
CcS-9012,active
CcS-9013,active
CcS-9014,active
CcS-9015,active
CcS-9016,active
CcS-9017,active
CcS-9018,active
CcS-9019,active
CcS-9020,active
CcS-9021,active
CcS-9022,active
CcS-9023,active
CcS-9024,active
CcS-9025,active
CcS-9026,active
CcS-9027,active
CcS-9028,active
CcS-9029,active
CcS-9030,active
CcS-9031,active
CcS-9032,active
CcS-9033,active
CcS-9034,active
CcS-9035,active
CcS-9036,active
CcS-9037,active
CcS-9038,active
CcS-9039,active
CcS-9040,active
CcS-9041,active
CcS-9042,active
CcS-9043,active
CcS-9044,active
CcS-9045,active
CcS-9046,active
CcS-9047,active
CcS-9048,active
CcS-9049,active
CcS-9050,active
CcS-9051,active
CcS-9052,active
CcS-9053,active
CcS-9054,active
CcS-9055,active
CcS-9056,active
CcS-9057,active
CcS-9058,active
CcS-9059,active
CcS-9060,active
CcS-9061,active
CcS-9062,active
CcS-9063,active
CcS-9064,active
CcS-9065,active
CcS-9066,active
CcS-9067,active
CcS-9068,active
CcS-9069,active
CcS-9070,active
CcS-9071,active
CcS-9072,active
CcS-9073,active
CcS-9074,active
CcS-9075,active
CcS-9076,active
CcS-9077,active
CcS-9078,active
CcS-9079,active
CcS-9080,active
CcS-9081,active
CcS-9082,active
CcS-9083,active
CcS-9084,active
CcS-9085,active
CcS-9086,active
CcS-9087,active
CcS-9088,active
CcS-9089,active
CcS-9090,active
CcS-9091,active
CcS-9092,active
CcS-9093,active
CcS-9094,active
CcS-9095,active
CcS-9096,active
CcS-9097,active
CcS-9098,active
CcS-9099,active
CcS-9100,active
CcS-9101,active
CcS-9102,active
CcS-9103,active
CcS-9104,active
CcS-9105,active
CcS-9106,active
CcS-9107,active
CcS-9108,active
CcS-9109,active
CcS-9110,active
CcS-9111,active
CcS-9112,active
CcS-9113,active
CcS-9114,active
CcS-9115,active
CcS-9116,active
CcS-9117,active
CcS-9118,active
CcS-9119,active
CcS-9120,active
CcS-9121,active
CcS-9122,active
CcS-9123,active
CcS-9124,active
CcS-9125,active
CcS-9126,active
CcS-9127,active
CcS-9128,active
CcS-9129,active
CcS-9130,active
CcS-9131,active
CcS-9132,active
CcS-9133,active
CcS-9134,active
CcS-9135,active
CcS-9136,active
CcS-9137,active
CcS-9138,active
CcS-9139,active
CcS-9140,active
CcS-9141,active
CcS-9142,active
CcS-9143,active
CcS-9144,active
CcS-9145,active
CcS-9146,active
CcS-9147,active
CcS-9148,active
CcS-9149,active
CcS-9150,active
CcS-9151,active
CcS-9152,active
CcS-9153,active
CcS-9154,active
CcS-9155,active
CcS-9156,active
CcS-9157,active
CcS-9158,active
CcS-9159,active
CcS-9160,active
CcS-9161,active
CcS-9162,active
CcS-9163,active
CcS-9164,active
CcS-9165,active
CcS-9166,active
CcS-9167,active
CcS-9168,active
CcS-9169,active
CcS-9170,active
CcS-9171,active
CcS-9172,active
CcS-9173,active
CcS-9174,active
CcS-9175,active
CcS-9176,active
CcS-9177,active
CcS-9178,active
CcS-9179,active
CcS-9180,active
CcS-9181,active
CcS-9182,active
CcS-9183,active
CcS-9184,active
CcS-9185,active
CcS-9186,active
CcS-9187,active
CcS-9188,active
CcS-9189,active
CcS-9190,active
CcS-9191,active
CcS-9192,active
CcS-9193,active
CcS-9194,active
CcS-9195,active
CcS-9196,active
CcS-9197,active
CcS-9198,active
CcS-9199,active
CcS-9200,active
CcS-9201,active
CcS-9202,active
CcS-9203,active
CcS-9204,active
CcS-9205,active
CcS-9206,active
CcS-9207,active
CcS-9208,active
CcS-9209,active
CcS-9210,active
CcS-9211,active
CcS-9212,active
CcS-9213,active
CcS-9214,active
CcS-9215,active
CcS-9216,active
CcS-9217,active
CcS-9218,active
CcS-9219,active
CcS-9220,active
CcS-9221,active
CcS-9222,active
CcS-9223,active
CcS-9224,active
CcS-9225,active
CcS-9226,active
CcS-9227,active
CcS-9228,active
CcS-9229,active
CcS-9230,active
CcS-9231,active
CcS-9232,active
CcS-9233,active
CcS-9234,active
CcS-9235,active
CcS-9236,active
CcS-9237,active
CcS-9238,active
CcS-9239,active
CcS-9240,active
CcS-9241,active
CcS-9242,active
CcS-9243,active
CcS-9244,active
CcS-9245,active
CcS-9246,active
CcS-9247,active
CcS-9248,active
CcS-9249,active
CcS-9250,active
CcS-9251,active
CcS-9252,active
CcS-9253,active
CcS-9254,active
CcS-9255,active
CcS-9256,active
CcS-9257,active
CcS-9258,active
CcS-9259,active
CcS-9260,active
CcS-9261,active
CcS-9262,active
CcS-9263,active
CcS-9264,active
CcS-9265,active
CcS-9266,active
CcS-9267,active
CcS-9268,active
CcS-9269,active
CcS-9270,active
CcS-9271,active
CcS-9272,active
CcS-9273,active
CcS-9274,active
CcS-9275,active
CcS-9276,active
CcS-9277,active
CcS-9278,active
CcS-9279,active
CcS-9280,active
CcS-9281,active
CcS-9282,active
CcS-9283,active
CcS-9284,active
CcS-9285,active
CcS-9286,active
CcS-9287,active
CcS-9288,active
CcS-9289,active
CcS-9290,active
CcS-9291,active
CcS-9292,active
CcS-9293,active
CcS-9294,active
CcS-9295,active
CcS-9296,active
CcS-9297,active
CcS-9298,active
CcS-9299,active
CcS-9300,active
CcS-9301,active
CcS-9302,active
CcS-9303,active
CcS-9304,active
CcS-9305,active
CcS-9306,active
CcS-9307,active
CcS-9308,active
CcS-9309,active
CcS-9310,active
CcS-9311,active
CcS-9312,active
CcS-9313,active
CcS-9314,active
CcS-9315,active
CcS-9316,active
CcS-9317,active
CcS-9318,active
CcS-9319,active
CcS-9320,active
CcS-9321,active
CcS-9322,active
CcS-9323,active
CcS-9324,active
CcS-9325,active
CcS-9326,active
CcS-9327,active
CcS-9328,active
CcS-9329,active
CcS-9330,active
CcS-9331,active
CcS-9332,active
CcS-9333,active
CcS-9334,active
CcS-9335,active
CcS-9336,active
CcS-9337,active
CcS-9338,active
CcS-9339,active
CcS-9340,active
CcS-9341,active
CcS-9342,active
CcS-9343,active
CcS-9344,active
CcS-9345,active
CcS-9346,active
CcS-9347,active
CcS-9348,active
CcS-9349,active
CcS-9350,active
CcS-9351,active
CcS-9352,active
CcS-9353,active
CcS-9354,active
CcS-9355,active
CcS-9356,active
CcS-9357,active
CcS-9358,active
CcS-9359,active
CcS-9360,active
CcS-9361,active
CcS-9362,active
CcS-9363,active
CcS-9364,active
CcS-9365,active
CcS-9366,active
CcS-9367,active
CcS-9368,active
CcS-9369,active
CcS-9370,active
CcS-9371,active
CcS-9372,active
CcS-9373,active
CcS-9374,active
CcS-9375,active
CcS-9376,active
CcS-9377,active
CcS-9378,active
CcS-9379,active
CcS-9380,active
CcS-9381,active
CcS-9382,active
CcS-9383,active
CcS-9384,active
CcS-9385,active
CcS-9386,active
CcS-9387,active
CcS-9388,active
CcS-9389,active
CcS-9390,active
CcS-9391,active
CcS-9392,active
CcS-9393,active
CcS-9394,active
CcS-9395,active
CcS-9396,active
CcS-9397,active
CcS-9398,active
CcS-9399,active
CcS-9400,active
CcS-9401,active
CcS-9402,active
CcS-9403,active
CcS-9404,active
CcS-9405,active
CcS-9406,active
CcS-9407,active
CcS-9408,active
CcS-9409,active
CcS-9410,active
CcS-9411,active
CcS-9412,active
CcS-9413,active
CcS-9414,active
CcS-9415,active
CcS-9416,active
CcS-9417,active
CcS-9418,active
CcS-9419,active
CcS-9420,active
CcS-9421,active
CcS-9422,active
CcS-9423,active
CcS-9424,active
CcS-9425,active
CcS-9426,active
CcS-9427,active
CcS-9428,active
CcS-9429,active
CcS-9430,active
CcS-9431,active
CcS-9432,active
CcS-9433,active
CcS-9434,active
CcS-9435,active
CcS-9436,active
CcS-9437,active
CcS-9438,active
CcS-9439,active
CcS-9440,active
CcS-9441,active
CcS-9442,active
CcS-9443,active
CcS-9444,active
CcS-9445,active
CcS-9446,active
CcS-9447,active
CcS-9448,active
CcS-9449,active
CcS-9450,active
CcS-9451,active
CcS-9452,active
CcS-9453,active
CcS-9454,active
CcS-9455,active
CcS-9456,active
CcS-9457,active
CcS-9458,active
CcS-9459,active
CcS-9460,active
CcS-9461,active
CcS-9462,active
CcS-9463,active
CcS-9464,active
CcS-9465,active
CcS-9466,active
CcS-9467,active
CcS-9468,active
CcS-9469,active
CcS-9470,active
CcS-9471,active
CcS-9472,active
CcS-9473,active
CcS-9474,active
CcS-9475,active
CcS-9476,active
CcS-9477,active
CcS-9478,active
CcS-9479,active
CcS-9480,active
CcS-9481,active
CcS-9482,active
CcS-9483,active
CcS-9484,active
CcS-9485,active
CcS-9486,active
CcS-9487,active
CcS-9488,active
CcS-9489,active
CcS-9490,active
CcS-9491,active
CcS-9492,active
CcS-9493,active
CcS-9494,active
CcS-9495,active
CcS-9496,active
CcS-9497,active
CcS-9498,active
CcS-9499,active
CcS-9500,active
CcS-9501,active
CcS-9502,active
CcS-9503,active
CcS-9504,active
CcS-9505,active
CcS-9506,active
CcS-9507,active
CcS-9508,active
CcS-9509,active
CcS-9510,active
CcS-9511,active
CcS-9512,active
CcS-9513,active
CcS-9514,active
CcS-9515,active
CcS-9516,active
CcS-9517,active
CcS-9518,active
CcS-9519,active
CcS-9520,active
CcS-9521,active
CcS-9522,active
CcS-9523,active
CcS-9524,active
CcS-9525,active
CcS-9526,active
CcS-9527,active
CcS-9528,active
CcS-9529,active
CcS-9530,active
CcS-9531,active
CcS-9532,active
CcS-9533,active
CcS-9534,active
CcS-9535,active
CcS-9536,active
CcS-9537,active
CcS-9538,active
CcS-9539,active
CcS-9540,active
CcS-9541,active
CcS-9542,active
CcS-9543,active
CcS-9544,active
CcS-9545,active
CcS-9546,active
CcS-9547,active
CcS-9548,active
CcS-9549,active
CcS-9550,active
CcS-9551,active
CcS-9552,active
CcS-9553,active
CcS-9554,active
CcS-9555,active
CcS-9556,active
CcS-9557,active
CcS-9558,active
CcS-9559,active
CcS-9560,active
CcS-9561,active
CcS-9562,active
CcS-9563,active
CcS-9564,active
CcS-9565,active
CcS-9566,active
CcS-9567,active
CcS-9568,active
CcS-9569,active
CcS-9570,active
CcS-9571,active
CcS-9572,active
CcS-9573,active
CcS-9574,active
CcS-9575,active
CcS-9576,active
CcS-9577,active
CcS-9578,active
CcS-9579,active
CcS-9580,active
CcS-9581,active
CcU-2938,active
CcU-2945,active
CcU-2952,active
CcU-2959,active
CcU-2966,active
CcU-2973,active
CcU-2980,active
CcU-2987,active
CcU-2994,active
CcU-3001,active
CcU-3008,active
CcU-3015,active
CcU-3022,active
CcU-3029,active
CcU-3036,active
CcU-3043,active
CcU-3050,active
CcU-3057,active
CcU-3064,active
CcU-3071,active
CcU-3078,active
CcU-3085,active
CcU-3092,active
CcU-3099,active
CcU-3106,active
CcU-3113,active
CcU-3120,active
CcU-3127,active
CcU-3134,active
CcU-3141,active
CcU-3148,active
CcU-3155,active
CcU-3162,active
CcU-3169,active
CcU-3176,active
CcU-3183,active
CcU-3190,active
CcU-3197,active
CcU-3204,active
CcU-3211,active
CcU-3218,active
CcU-3225,active
CcU-3232,active
CcU-3239,active
CcU-3246,active
CcU-3253,active
CcU-3260,active
CcU-3267,active
CcU-3274,active
CcU-3281,active
CcU-3288,active
CcU-3295,active
CcU-3302,active
CcU-3309,active
CcU-3316,active
CcU-3323,active
CcU-3330,active
CcU-3337,active
CcU-3344,active
CcU-3351,active
CcU-3358,active
CcU-3365,active
CcU-3372,active
CcU-3379,active
CcU-3386,active
CcU-3393,active
CcU-3400,active
CcU-3407,active
CcU-3414,active
CcU-3421,active
CcU-3428,active
CcU-3435,active
CcU-3442,active
CcU-3449,active
CcU-3456,active
CcU-3463,active
CcU-3470,active
CcU-3477,active
CcU-3484,active
CcU-3491,active
CcU-3498,active
CcU-3505,active
CcU-3512,active
CcU-3519,active
CcU-3526,active
CcU-3533,active
CcU-3540,active
CcU-3547,active
CcU-3554,active
CcU-3561,active
CcU-3568,inactive
CcU-3575,active
CcU-3582,active
CcU-3589,active
CcU-3596,active
CcU-3603,active
CcU-3610,active
CcU-3617,active
CcU-3624,active
CcU-3631,active
CcU-3638,active
CcU-3645,active
CcU-3652,active
CcU-3659,active
CcU-3666,active
CcU-3673,active
CcU-3680,active
CcU-3687,active
CcU-3694,active
CcU-3701,active
CcU-3708,active
CcU-3715,active
CcU-3722,active
CcU-3729,active
CcU-3736,active
CcU-3743,active
CcU-3750,active
CcU-3757,active
CcU-3764,active
CcU-3771,active
CcU-3778,active
CcU-3785,active
CcU-3792,active
CcU-3799,active
CcU-3806,active
CcU-3813,active
CcU-3820,active
CcU-3827,active
CcU-3834,active
CcU-3841,active
CcU-3848,active
CcU-3855,active
CcU-3862,active
CcU-3869,active
CcU-3876,active
CcU-3883,active
CcU-3890,active
CcU-3897,active
CcU-3904,active
CcU-3911,active
CcU-3918,active
CcU-3925,active
CcU-3932,active
CcU-3939,active
CcU-3946,active
CcU-3953,active
CcU-3960,active
CcU-3967,active
CcU-3974,active
CcU-3981,active
CcU-3988,active
CcU-3995,active
CcU-4002,active
CcU-4009,active
CcU-4016,active
CcU-4023,active
CcU-4030,active
CcU-4037,active
CcU-4044,active
CcU-4051,active
CcU-4058,active
CcU-4065,active
CcU-4072,active
CcU-4079,active
CcU-4086,active
CcU-4093,active
CcU-4100,active
CcU-4107,active
CcU-4114,active
CcU-4121,active
CcU-4128,active
CcU-4135,active
CcU-4142,active
CcU-4149,active
CcU-4156,active
CcU-4163,active
CcU-4170,active
CcU-4177,active
CcU-4184,active
CcU-4191,active
CcU-4198,active
CcU-4205,active
CcU-4212,active
CcU-4219,active
CcU-4226,active
CcU-4233,active
CcU-4240,active
CcU-4247,active
CcU-4254,active
CcU-4261,active
CcU-4268,active
CcU-4275,active
CcU-4282,active
CcU-4289,active
CcU-4296,active
CcU-4303,active
CcU-4310,active
CcU-4317,active
CcU-4324,active
CcU-4331,active
CcU-4338,active
CcU-4345,active
CcU-4352,active
CcU-4359,active
CcU-4366,active
CcU-4373,active
CcU-4380,active
CcU-4387,active
CcU-4394,active
CcU-4401,active
CcU-4408,active
CcU-4415,active
CcU-4422,active
CcU-4429,active
CcU-4436,active
CcU-4443,active
CcU-4450,active
CcU-4457,active
CcU-4464,active
CcU-4471,active
CcU-4478,active
CcU-4485,active
CcU-4492,active
CcU-4499,active
CcU-4506,active
CcU-4513,active
CcU-4520,active
CcU-4527,active
CcU-4534,active
CcU-4541,active
CcU-4548,active
CcU-4555,active
CcU-4562,active
CcU-4569,active
CcU-4576,active
CcU-4583,active
CcU-4590,active
CcU-4597,active
CcU-4604,active
CcU-4611,active
CcU-4618,active
CcU-4625,active
CcU-4632,active
CcU-4639,active
CcU-4646,active
CcU-4653,active
CcU-4660,active
CcU-4667,active
CcU-4674,active
CcU-4681,active
CcU-4688,active
CcU-4695,active
CcU-4702,active
CcU-4709,active
CcU-4716,active
CcU-4723,active
CcU-4730,active
CcU-4737,active
CcU-4744,active
CcU-4751,active
CcU-4758,active
CcU-4765,active
CcU-4772,active
CcU-4779,active
CcU-4786,active
CcU-4793,active
CcU-4800,active
CcU-4807,active
CcU-4814,active
CcU-4821,active
CcU-4828,active
CcU-4835,active
CcU-4842,active
CcU-4849,active
CcU-4856,active
